RowNum,TimeStamp,AmpHoursDCBus,BackEMFMotorImag,BackEMFMotorReal,CarGear,CurrentBattery,CurrentBus,CurrentMotorImag,CurrentMotorReal,CurrentPhaseA,CurrentPhaseB,CurrentRequested,EnableRegen,FanDrivePercent,FanDriveRPM,Odometer,PotAccel,PotRegen,TempAirInlet,TempAirOutlet,TempAvg,TempCapacitor,TemperatureCell01,TemperatureCell02,TemperatureCell03,TemperatureCell04,TempHeatsink,TempMax,TempMin,TempMotor,TempProcessor,VelocityMotor,VelocityVehicle,VoltageAvg,VoltageBattery,VoltageBus,VoltageCell01,VoltageCell02,VoltageCell03,VoltageCell04,VoltageCell05,VoltageCell06,VoltageCell07,VoltageCell08,VoltageCell09,VoltageCell10,VoltageCell11,VoltageCell12,VoltageCell13,VoltageCell14,VoltageCell15,VoltageCell16,VoltageCell17,VoltageCell18,VoltageCell19,VoltageCell20,VoltageCell21,VoltageCell22,VoltageCell23,VoltageCell24,VoltageCell25,VoltageCell26,VoltageCell27,VoltageCell28,VoltageCell29,VoltageCell30,VoltageCell31,VoltageCell32,VoltageFifteenVSupply,VoltageMax,VoltageMin,VoltageMotorImag,VoltageMotorReal,VoltageOnePtSixtyFiveVRef,VoltageOnePtTwoVSupply,VoltageTwoPtFiveVSupply
1,2015-05-06 20:25:19.143000000,,,,0000000000000008,,,,,,,.00000000000000,,,,,1D1C0001ABAAAA92,0000000000000000,,,,,,,,,,,,,,,,,,,,,,,,,,,,,,,,,,,,,,,,,,,3782.00000000000000,3785.00000000000000,3790.00000000000000,3800.00000000000000,,,,,,,,,,,,
2,2015-05-06 20:25:24.147000000,,,,0000000000000008,,,,,,,.00000000000000,,,,,1D1C0001ABAAAA92,0000000000000000,,,,,,,,,,,,,,,,,,,,,,,,,,,,,,,,,,,,,,,,,,,3782.00000000000000,3785.00000000000000,3790.00000000000000,3800.00000000000000,,,,,,,,,,,,
3,2015-05-06 20:25:29.163000000,,,,0000000000000008,,,,,,,.00000000000000,,,,,1D1C0001E4388E3B,0000000000000000,,,,,,,,,,,,,,,,,,,,,,,,,,,,,,,,,,,,,,,,,,,,,,,,,,,,,,,,,,
4,2015-05-06 20:25:34.173000000,,,,0000000000000008,,,,,,,.00089216814815,,,,,1D1C000162277612,0000000000000000,,,,,,,,,,,,,,,,,,,,,,,,,,,,,,,,,,,,,,,,,,,,,,,,,,,,,,,,,,
5,2015-05-06 20:25:39.163000000,,,,0000000000000008,,,,,,,.00000000000000,,,,,1D1C0001838282F2,0000000000000000,,,,,,,,,,,,,,,,,,,,,,,,,,,,,,,,,,,,,,,,,,,,,,,,,,,,,,,,,,
6,2015-05-06 20:25:44.170000000,,,,0000000000000008,,,,,,,.00068102381579,,,,,1D1C00011D5213EC,0000000000000000,,,,,,,,,,,,,,,,,,,,,,,,,,,,,,,,,,,,,,,,,,,,,,,,,,,,,,,,,,
7,2015-05-06 20:25:49.180000000,,,,0000000000000008,,,,,,,.00068860179487,,,,,1D1C0001C7711C67,0000000000000000,,,,,,,,,,,,,,,,,,,,,,,,,,,,,,,,,,,,,,,,,,,,,,,,,,,,,,,,,,
8,2015-05-06 20:25:54.187000000,,,,0000000000000008,,,,,,,.00084556024390,,,,,1D1C0001659F438A,0000000000000000,,,,,,,,,,,,,,,,,,,,,,,,,,,,,,,,,,,,,,,,,,,,,,,,,,,,,,,,,,
9,2015-05-06 20:25:59.193000000,,,,0000000000000008,,,,,,,.00000000000000,,,,,1D1C0001B8B2CF71,0000000000000000,,,,,,,,,,,,,,,,,,,,,,,,,,,,,,,,,,,,,,,,,,,,,,,,,,,,,,,,,,
10,2015-05-06 20:26:04.200000000,,,,0000000000000008,,,,,,,.00000000000000,,,,,1D1C0001659F438A,0000000000000000,,,,,,,,,,,,,,,,,,,,,,,,,,,,,,,,,,,,,,,,,,,,,,,,,,,,,,,,,,
11,2015-05-06 20:26:09.193000000,,,,0000000000000008,,,,,,,.00000000000000,,,,,1D1C0001C4C3C3E3,0000000000000000,,,,,,,,,,,,,,,,,,,,,,,,,,,,,,,,,,,,,,,,,,,,,,,,,,,,,,,,,,
12,2015-05-06 20:26:14.207000000,,,,0000000000000008,,,,,,,.00000000000000,,,,,1D1C00019ED88951,0000000000000000,,,,,,,,,,,,,,,,,,,,,,,,,,,,,,,,,,,,,,,,,,,,,,,,,,,,,,,,,,
13,2015-05-06 20:26:19.210000000,,,,0000000000000008,,,,,,,.00000000000000,,,,,1D1C00010AC65B59,0000000000000000,,,,,,,,,,,,,,,,,,,,,,,,,,,,,,,,,,,,,,,,,,,,,,,,,,,,,,,,,,
14,2015-05-06 20:26:24.227000000,,,,0000000000000008,,,,,,,.00000000000000,,,,,1D1C0001C1782BBB,0000000000000000,,,,,,,,,,,,,,,,,,,,,,,,,,,,,,,,,,,,,,,,,,,,,,,,,,,,,,,,,,
15,2015-05-06 20:26:29.233000000,,,,0000000000000008,,,,,,,.00000000000000,,,,,1D1C0001B8B2CF71,0000000000000000,,,,,,,,,,,,,,,,,,,,,,,,,,,,,,,,,,,,,,,,,,,,,,,,,,,,,,,,,,
16,2015-05-06 20:26:34.237000000,,,,0000000000000008,,,,,,,.00000000000000,,,,,1D1C000126B49758,0000000000000000,,,,,,,,,,,,,,,,,,,,,,,,,,,,,,,,,,,,,,,,,,,,,,,,,,,,,,,,,,
17,2015-05-06 20:26:39.250000000,,,,0000000000000008,,,,,,,.00000000000000,,,,,1D1C0001C54EECD0,0000000000000000,,,,,,,,,,,,,,,,,,,,,,,,,,,,,,,,,,,,,,,,,,,,,,,,,,,,,,,,,,
18,2015-05-06 20:26:44.260000000,,,,0000000000000008,,,,,,,.00000000000000,,,,,05040001632E0000,0000000000000000,,,,,,,,,,,,,,,,,,,,,,,,,,,,,,,,,,,,,,,,,,,,,,,,,,,,,,,,,,
19,2015-05-06 20:26:49.263000000,,,,0000000000000008,,,,,,,.00000000000000,,,,,1D1C000126B49758,0000000000000000,,,,,,,,,,,,,,,,,,,,,,,,,,,,,,,,,,,,,,,,,,,,,,,,,,,,,,,,,,
20,2015-05-06 20:26:54.277000000,,,,0000000000000008,,,,,,,.00062358807229,,,,,1D1C0001277662D3,0000000000000000,,,,,,,,,,,,,,,,,,,,,,,,,,,,,,,,,,,,,,,,,,,,,,,,,,,,,,,,,,
21,2015-05-06 20:26:59.280000000,,,,0000000000000008,,,,,,,.00000000000000,,,,,1D1C000174D14517,0000000000000000,,,,,,,,,,,,,,,,,,,,,,,,,,,,,,,,,,,,,,,,,,,,,,,,,,,,,,,,,,
22,2015-05-06 20:27:04.287000000,,,,0000000000000008,,,,,,,.00000000000000,,,,,1D1C0001050505D5,0000000000000000,,,,,,,,,,,,,,,,,,,,,,,,,,,,,,,,,,,,,,,,,,,,,,,,,,,,,,,,,,
23,2015-05-06 20:27:09.300000000,,,,0000000000000008,,,,,,,.00000000000000,,,,,1D1C00016F659FD3,0000000000000000,,,,,,,,,,,,,,,,,,,,,,,,,,,,,,,,,,,,,,,,,,,,,,,,,,,,,,,,,,
24,2015-05-06 20:27:14.317000000,,,,0000000000000008,,,,,,,.00000000000000,,,,,030200016A000000,0000000000000000,,,,,,,,,,,,,,,,,,,,,,,,,,,,,,,,,,,,,,,,,,,,,,,,,,,,,,,,,,
25,2015-05-06 20:27:19.320000000,,,,0000000000000008,,,,,,,.00068102381579,,,,,1D1C000192919141,0000000000000000,,,,,,,,,,,,,,,,,,,,,,,,,,,,,,,,,,,,,,,,,,,,,,,,,,,,,,,,,,
26,2015-05-06 20:27:24.323000000,,,,0000000000000008,,,,,,,.00132712346154,,,,,1D1C000109ED2584,0000000000000000,,,,,,,,,,,,,,,,,,,,,,,,,,,,,,,,,,,,,,,,,,,,,,,,,,,,,,,,,,
27,2015-05-06 20:27:29.330000000,,,,0000000000000008,,,,,,,.00000000000000,,,,,1D1C0001A3BEB3C1,0000000000000000,,,,,,,,,,,,,,,,,,,,,,,,,,,,,,,,,,,,,,,,,,,,,,,,,,,,,,,,,,
28,2015-05-06 20:27:34.340000000,,,,0000000000000008,,,,,,,.00000000000000,,,,,1D1C00011D5213EC,0000000000000000,,,,,,,,,,,,,,,,,,,,,,,,,,,,,,,,,,,,,,,,,,,,,,,,,,,,,,,,,,
29,2015-05-06 20:27:39.357000000,,,,0000000000000008,,,,,,,.00000000000000,,,,,020100010C000000,0000000000000000,,,,,,,,,,,,,,,,,,,,,,,,,,,,,,,,,,,,,,,,,,,,,,,,,,,,,,,,,,
30,2015-05-06 20:27:44.360000000,,,,,,,,,,,,,,,,,,,,,,,,,,,,,,,,,,,,,,,,,,,,,,,,,,,,,,,,,,,,,,,,,,,,,,,,,,,
31,2015-05-06 20:27:49.353000000,,,,,,,,,,,,,,,,,,,,,,,,,,,,,,,,,,,,,,,,,,,,,,,,,,,,,,,,,,,,,,,,,,,,,,,,,,,
32,2015-05-06 20:27:54.360000000,,,,,,,,,,,,,,,,,,,,,,,,,,,,,,,,,,,,,,,,,,,,,,,,,,,,,,,,,,,,,,,,,,,,,,,,,,,
33,2015-05-06 20:27:59.373000000,,,,,,,,,,,,,,,,,,,,,,,,,,,,,,,,,,,,,,,,,,,,,,,,,,,,,,,,,,,,,,,,,,,,,,,,,,,
34,2015-05-06 20:28:04.377000000,,,,,,,,,,,,,,,,,,,,,,,,,,,,,,,,,,,,,,,,,,,,,,,,,,,,,,,,,,,,,,,,,,,,,,,,,,,
35,2015-05-06 20:28:09.383000000,,,,,,,,,,,,,,,,,,,,,,,,,,,,,,,,,,,,,,,,,,,,,,,,,,,,,,,,,,,,,,,,,,,,,,,,,,,
36,2015-05-06 20:28:14.390000000,,,,,,,,,,,,,,,,,,,,,,,,,,,,,,,,,,,,,,,,,,,,,,,,,,,,,,,,,,,,,,,,,,,,,,,,,,,
37,2015-05-06 20:28:19.400000000,,,,,,,,,,,,,,,,,,,,,,,,,,,,,,,,,,,,,,,,,,,,,,,,,,,,,,,,,,,,,,,,,,,,,,,,,,,
38,2015-05-06 20:28:24.400000000,,,,,,,,,,,,,,,,,,,,,,,,,,,,,,,,,,,,,,,,,,,,,,,,,,,,,,,,,,,,,,,,,,,,,,,,,,,
39,2015-05-06 20:28:29.417000000,,,,,,,,,,,,,,,,,,,,,,,,,,,,,,,,,,,,,,,,,,,,,,,,,,,,,,,,,,,,,,,,,,,,,,,,,,,
40,2015-05-06 20:28:34.423000000,,,,,,,,,,,,,,,,,,,,,,,,,,,,,,,,,,,,,,,,,,,,,,,,,,,,,,,,,,,,,,,,,,,,,,,,,,,
41,2015-05-06 20:28:39.430000000,,,,,,,,,,,,,,,,,,,,,,,,,,,,,,,,,,,,,,,,,,,,,,,,,,,,,,,,,,,,,,,,,,,,,,,,,,,
42,2015-05-06 20:28:44.440000000,,,,,,,,,,,,,,,,,,,,,,,,,,,,,,,,,,,,,,,,,,,,,,,,,,,,,,,,,,,,,,,,,,,,,,,,,,,
43,2015-05-06 20:28:49.447000000,,,,,,,,,,,,,,,,,,,,,,,,,,,,,,,,,,,,,,,,,,,,,,,,,,,,,,,,,,,,,,,,,,,,,,,,,,,
44,2015-05-06 20:28:54.463000000,,,,0000000000000008,,,,,,,.00000000000000,,,,,1C1C0001ABAAAA0A,0000000000000000,,,,,,,,,,,,,,,,,,,,,,,,,,,,,,,,,,,,,,,,,,,,,,,,,,,,,,,,,,
45,2015-05-06 20:28:59.460000000,,,,0000000000000008,,,,,,,.00000000000000,,,,,1D1C0001ECC44E50,0000000000000000,,,,,,,,,,,,,,,,,,,,,,,,,,,,,,,,,,,,,,,,,,,,,,,,,,,,,,,,,,
46,2015-05-06 20:29:04.477000000,,,,0000000000000008,,,,,,,.00000000000000,,,,,1D1C0001E9A28B4E,0000000000000000,,,,,,,,,,,,,,,,,,,,,,,,,,,,,,,,,,,,,,,,,,,,,,,,,,,,,,,,,,
47,2015-05-06 20:29:09.483000000,,,,0000000000000008,,,,,,,.00000000000000,,,,,1D1C00015D74D185,0000000000000000,,,,,,,,,,,,,,,,,,,,,,,,,,,,,,,,,,,,,,,,,,,,,,,,,,,,,,,,,,
48,2015-05-06 20:29:14.490000000,,,,0000000000000008,,,,,,,.00000000000000,,,,,1D1C0001499224F5,0000000000000000,,,,,,,,,,,,,,,,,,,,,,,,,,,,,,,,,,,,,,,,,,,,,,,,,,,,,,,,,,
49,2015-05-06 20:29:19.500000000,,,,0000000000000008,,,,,,,.00000000000000,,,,,0302000170000000,0000000000000000,,,,,,,,,,,,,,,,,,,,,,,,,,,,,,,,,,,,,,,,,,,,,,,,,,,,,,,,,,
50,2015-05-06 20:29:24.507000000,,,,0000000000000008,,,,,,,.00000000000000,,,,,1D1C0001ABAAAA92,0000000000000000,,,,,,,,,,,,,,,,,,,,,,,,,,,,,,,,,,,,,,,,,,,,,,,,,,,,,,,,,,
51,2015-05-06 20:29:29.513000000,,,,0000000000000008,,,,,,,.00061182228916,,,,,1D1C00018A9DD891,0000000000000000,,,,,,,,,,,,,,,,,,,,,,,,,,,,,,,,,,,,,,,,,,,,,,,,,,,,,,,,,,
52,2015-05-06 20:29:34.523000000,,,,0000000000000008,,,,,,,.00000000000000,,,,,1D1C0001C7711C67,0000000000000000,,,,,,,,,,,,,,,,,,,,,,,,,,,,,,,,,,,,,,,,,,,,,,,,,,,,,,,,,,
53,2015-05-06 20:29:39.530000000,,,,0000000000000008,,,,,,,.00000000000000,,,,,1D1C0001D9899D90,0000000000000000,,,,,,,,,,,,,,,,,,,,,,,,,,,,,,,,,,,,,,,,,,,,,,,,,,,,,,,,,,
54,2015-05-06 20:29:44.537000000,,,,0000000000000008,,,,,,,.00000000000000,,,,,1D1C0001659F438A,0000000000000000,,,,,,,,,,,,,,,,,,,,,,,,,,,,,,,,,,,,,,,,,,,,,,,,,,,,,,,,,,
55,2015-05-06 20:29:49.543000000,,,,0000000000000008,,,,,,,.00091396230769,,,,,1D1C00010A0A0A9A,0000000000000000,,,,,,,,,,,,,,,,,,,,,,,,,,,,,,,,,,,,,,,,,,,,,,,,,,,,,,,,,,
56,2015-05-06 20:29:54.553000000,,,,0000000000000008,,,,,,,.00000000000000,,,,,1D1C00018C2EBAD8,0000000000000000,,,,,,,,,,,,,,,,,,,,,,,,,,,,,,,,,,,,,,,,,,,,,,,,,,,,,,,,,,
57,2015-05-06 20:29:59.543000000,,,,0000000000000008,,,,,,,.00000000000000,,,,,1D1C0001C1782BBB,0000000000000000,,,,,,,,,,,,,,,,,,,,,,,,,,,,,,,,,,,,,,,,,,,,,,,,,,,,,,,,,,
58,2015-05-06 20:30:04.560000000,,,,0000000000000008,,,,,,,.00090239316456,,,,,1D1C0001ECC44E50,0000000000000000,,,,,,,,,,,,,,,,,,,,,,,,,,,,,,,,,,,,,,,,,,,,,,,,,,,,,,,,,,
59,2015-05-06 20:30:09.570000000,,,,0000000000000008,,,,,,,.00000000000000,,,,,1C1C0001790DE5ED,0000000000000000,,,,,,,,,,,,,,,,,,,,,,,,,,,,,,,,,,,,,,,,,,,,,,,,,,,,,,,,,,
60,2015-05-06 20:30:14.577000000,,,,,,,,,,,,,,,,,,,,,,,,,,,,,,,,,,,,,,,,,,,,,,,,,,,,,,,,,,,,,,,,,,,,,,,,,,,
61,2015-05-06 20:30:19.573000000,,,,,,,,,,,,,,,,,,,,,,,,,,,,,,,,,,,,,,,,,,,,,,,,,,,,,,,,,,,,,,,,,,,,,,,,,,,
62,2015-05-06 20:30:24.590000000,,,,,,,,,,,,,,,,,,,,,,,,,,,,,,,,,,,,,,,,,,,,,,,,,,,,,,,,,,,,,,,,,,,,,,,,,,,
63,2015-05-06 20:30:29.600000000,,,,0000000000000008,,,,,,,.00000000000000,,,,,1D1C00019535657D,0000000000000000,,,,,,,,,,,,,,,,,,,,,,,,,,,,,,,,,,,,,,,,,,,,,,,,,,,,,,,,,,
64,2015-05-06 20:30:34.613000000,,,,0000000000000008,,,,,,,.00065104172840,,,,,1D1C00012FA1BDCC,0000000000000000,,,,,,,,,,,,,,,,,,,,,,,,,,,,,,,,,,,,,,,,,,,,,,,,,,,,,,,,,,
65,2015-05-06 20:30:39.623000000,,,,0000000000000008,,,,,,,.00000000000000,,,,,1D1C00011D5213EC,0000000000000000,,,,,,,,,,,,,,,,,,,,,,,,,,,,,,,,,,,,,,,,,,,,,,,,,,,,,,,,,,
66,2015-05-06 20:30:44.630000000,,,,0000000000000008,,,,,,,.00000000000000,,,,,1D1C00015CD9E740,0000000000000000,,,,,,,,,,,,,,,,,,,,,,,,,,,,,,,,,,,,,,,,,,,,,,,,,,,,,,,,,,
67,2015-05-06 20:30:49.640000000,,,,0000000000000008,,,,,,,.00000000000000,,,,,1D1C0001138CB7A2,0000000000000000,,,,,,,,,,,,,,,,,,,,,,,,,,,,,,,,,,,,,,,,,,,,,,,,,,,,,,,,,,
68,2015-05-06 20:30:54.627000000,,,,0000000000000008,,,,,,,.00092516447368,,,,,1D1C0001ED25B4AF,0000000000000000,,,,,,,,,,,,,,,,,,,,,,,,,,,,,,,,,,,,,,,,,,,,,,,,,,,,,,,,,,
69,2015-05-06 20:30:59.643000000,,,,0000000000000008,,,,,,,.00077624205128,,,,,1D1C0001138CB7A2,0000000000000000,,,,,,,,,,,,,,,,,,,,,,,,,,,,,,,,,,,,,,,,,,,,,,,,,,,,,,,,,,
70,2015-05-06 20:31:04.657000000,,,,0000000000000008,,,,,,,.00000000000000,,,,,1D1C0001682FA175,0000000000000000,,,,,,,,,,,,,,,,,,,,,,,,,,,,,,,,,,,,,,,,,,,,,,,,,,,,,,,,,,
71,2015-05-06 20:31:09.663000000,,,,0000000000000008,,,,,,,.00000000000000,,,,,1D1C00014B4B4B8B,0000000000000000,,,,,,,,,,,,,,,,,,,,,,,,,,,,,,,,,,,,,,,,,,,,,,,,,,,,,,,,,,
72,2015-05-06 20:31:14.680000000,,,,0000000000000008,,,,,,,.00000000000000,,,,,0000000000000001,0000000000000000,,,,,,,,,,,,,,,,,,,,,,,,,,,,,,,,,,,,,,,,,,,,,,,,,,,,,,,,,,
73,2015-05-06 20:31:19.683000000,,,,0000000000000008,,,,,,,.00073837658537,,,,,1D1C0001682FA175,0000000000000000,,,,,,,,,,,,,,,,,,,,,,,,,,,,,,,,,,,,,,,,,,,,,,,,,,,,,,,,,,
74,2015-05-06 20:31:24.690000000,,,,0000000000000008,,,,,,,.00000000000000,,,,,1D1C0001C9C8C8A8,0000000000000000,,,,,,,,,,,,,,,,,,,,,,,,,,,,,,,,,,,,,,,,,,,,,,,,,,,,,,,,,,
75,2015-05-06 20:31:29.710000000,,,,0000000000000008,14.18750000000000,,,,,,.00000000000000,,,,,1D1C00013A8BE98C,0000000000000000,,,,,-400.00000000000000,-400.00000000000000,-400.00000000000000,-400.00000000000000,,.00000000000000,-400.00000000000000,,,,,,104174.22916666666667,,3754.00000000000000,3758.00000000000000,3765.00000000000000,3779.42857142857143,3805.00000000000000,3881.80000000000000,3939.00000000000000,4024.00000000000000,3782.00000000000000,3785.83333333333333,3790.00000000000000,3804.00000000000000,3822.00000000000000,3883.00000000000000,3941.00000000000000,4014.00000000000000,3779.00000000000000,3781.40000000000000,3786.00000000000000,3798.00000000000000,3821.00000000000000,3863.00000000000000,3941.40000000000000,4027.00000000000000,3781.66666666666667,3785.00000000000000,3790.00000000000000,3800.00000000000000,3823.00000000000000,3879.00000000000000,3954.00000000000000,4014.00000000000000,,4027.00000000000000,.00000000000000,,,,,
76,2015-05-06 20:31:34.717000000,,,,0000000000000008,13.42307692307692,,,,,,.00000000000000,,,,,1D1C00015D74D155,0000000000000000,,,,,-400.00000000000000,-400.00000000000000,-400.00000000000000,-400.00000000000000,,.00000000000000,-400.00000000000000,,,,,,69515.46153846153846,,3754.00000000000000,3758.00000000000000,3765.00000000000000,3779.33333333333333,3805.00000000000000,3882.00000000000000,3939.00000000000000,4024.00000000000000,3782.00000000000000,3785.83333333333333,3790.00000000000000,3804.00000000000000,3822.00000000000000,3883.00000000000000,3941.00000000000000,4014.33333333333333,3779.00000000000000,3781.12500000000000,3786.00000000000000,3798.00000000000000,3821.00000000000000,3863.00000000000000,3941.57142857142857,4027.00000000000000,3781.85714285714286,3785.00000000000000,3789.57142857142857,3800.00000000000000,3823.00000000000000,3879.00000000000000,3954.00000000000000,4014.00000000000000,,4027.00000000000000,.00000000000000,,,,,
77,2015-05-06 20:31:39.723000000,,,,0000000000000008,1.26315789473684,,,,,,.00000000000000,,,,,1D1C00018EE338BE,0000000000000000,,,,,,,,,,.00000000000000,-400.00000000000000,,,,,,40813.63157894736842,,,,,,,,,,,,,,,,,,,,,,,,,,,,,,,,,,,4027.00000000000000,.00000000000000,,,,,
78,2015-05-06 20:31:44.720000000,,,,,,,,,,,,,,,,,,,,,,,,,,,,,,,,,,,,,,,,,,,,,,,,,,,,,,,,,,,,,,,,,,,,,,,,,,,
79,2015-05-06 20:31:49.730000000,,,,,,,,,,,,,,,,,,,,,,,,,,,,,,,,,,,,,,,,,,,,,,,,,,,,,,,,,,,,,,,,,,,,,,,,,,,
80,2015-05-06 20:31:54.737000000,,,,,,,,,,,,,,,,,,,,,,,,,,,,,,,,,,,,,,,,,,,,,,,,,,,,,,,,,,,,,,,,,,,,,,,,,,,
81,2015-05-06 20:33:09.430000000,,,,,,,,,,,,,,,,,,,,,,,,,,,,,,,,,,,,,,,,,,,,,,,,,,,,,,,,,,,,,,,,,,,,,,,,,,,
82,2015-05-06 20:33:14.440000000,,,,,,,,,,,,,,,,,,,,,,,,,,,,,,,,,,,,,,,,,,,,,,,,,,,,,,,,,,,,,,,,,,,,,,,,,,,
83,2015-05-06 20:33:19.460000000,,,,0000000000000008,,,,,,,.00000000000000,,,,,0000000000000001,0000000000000000,,,,,,,,,,,,,,,,,,,,,,,,,,,,,,,,,,,,,,,,,,,,,,,,,,,,,,,,,,
84,2015-05-06 20:33:24.470000000,,,,0000000000000008,,,,,,,.00079792304878,,,,,1D1C0001682FA175,0000000000000000,,,,,,,,,,,,,,,,,,,,,,,,,,,,,,,,,,,,,,,,,,,,,,,,,,,,,,,,,,
85,2015-05-06 20:33:29.477000000,,,,0000000000000008,,,,,,,.00169112036585,,,,,1D1C00016EDBB689,0000000000000000,,,,,,,,,,,,,,,,,,,,,,,,,,,,,,,,,,,,,,,,,,,,,,,,,,,,,,,,,,
86,2015-05-06 20:33:34.470000000,,,,0000000000000008,,,,,,,.00000000000000,,,,,1D1C0001DBB66DBF,0000000000000000,,,,,,,,,,,,,,,,,,,,,,,,,,,,,,,,,,,,,,,,,,,,,,,,,,,,,,,,,,
87,2015-05-06 20:33:39.490000000,,,,0000000000000008,,,,,,,.00000000000000,,,,,1D1C00013F82FBF8,0000000000000000,,,,,,,,,,,,,,,,,,,,,,,,,,,,,,,,,,,,,,,,,,,,,,,,,,,,,,,,,,
88,2015-05-06 20:33:44.500000000,,,,0000000000000008,,,,,,,.00000000000000,,,,,1D1C00015D74D185,0000000000000000,,,,,,,,,,,,,,,,,,,,,,,,,,,,,,,,,,,,,,,,,,,,,,,,,,,,,,,,,,
89,2015-05-06 20:33:49.507000000,,,,0000000000000008,,,,,,,.00000000000000,,,,,020100010C000000,0000000000000000,,,,,,,,,,,,,,,,,,,,,,,,,,,,,,,,,,,,,,,,,,,,,,,,,,,,,,,,,,
90,2015-05-06 20:33:54.503000000,,,,0000000000000008,,,,,,,.00000000000000,,,,,0403000165040000,0000000000000000,,,,,,,,,,,,,,,,,,,,,,,,,,,,,,,,,,,,,,,,,,,,,,,,,,,,,,,,,,
91,2015-05-06 20:33:59.490000000,,,,0000000000000008,,,,,,,.00000000000000,,,,,1D1C0001254992A4,0000000000000000,,,,,,,,,,,,,,,,,,,,,,,,,,,,,,,,,,,,,,,,,,,,,,,,,,,,,,,,,,
92,2015-05-06 20:34:04.513000000,,,,0000000000000008,,,,,,,.00000000000000,,,,,1D1C0001682FA175,0000000000000000,,,,,,,,,,,,,,,,,,,,,,,,,,,,,,,,,,,,,,,,,,,,,,,,,,,,,,,,,,
93,2015-05-06 20:34:09.520000000,,,,0000000000000008,,,,,,,.00000000000000,,,,,1D1C0001254992A4,0000000000000000,,,,,,,,,,,,,,,,,,,,,,,,,,,,,,,,,,,,,,,,,,,,,,,,,,,,,,,,,,
94,2015-05-06 20:34:14.547000000,,,,0000000000000008,,,,,,,.00000000000000,,,,,1D1C0001254992A4,0000000000000000,,,,,,,,,,,,,,,,,,,,,,,,,,,,,,,,,,,,,,,,,,,,,,,,,,,,,,,,,,
95,2015-05-06 20:34:19.537000000,,,,0000000000000008,,,,,,,.00092892536585,,,,,1D1C0001277662D3,0000000000000000,,,,,,,,,,,,,,,,,,,,,,,,,,,,,,,,,,,,,,,,,,,,,,,,,,,,,,,,,,
96,2015-05-06 20:34:24.543000000,,,,0000000000000008,,,,,,,.00000000000000,,,,,1D1C0001ABAAAA92,0000000000000000,,,,,,,,,,,,,,,,,,,,,,,,,,,,,,,,,,,,,,,,,,,,,,,,,,,,,,,,,,
97,2015-05-06 20:34:29.553000000,,,,0000000000000008,,,,,,,.00000000000000,,,,,020100010C000000,0000000000000000,,,,,,,,,,,,,,,,,,,,,,,,,,,,,,,,,,,,,,,,,,,,,,,,,,,,,,,,,,
98,2015-05-06 20:34:34.573000000,,,,0000000000000008,,,,,,,.00000000000000,,,,,1D1C0001A1BD841E,0000000000000000,,,,,,,,,,,,,,,,,,,,,,,,,,,,,,,,,,,,,,,,,,,,,,,,,,,,,,,,,,
99,2015-05-06 20:34:39.567000000,,,,0000000000000008,,,,,,,.00074749234568,,,,,1D1C000126B49758,0000000000000000,,,,,,,,,,,,,,,,,,,,,,,,,,,,,,,,,,,,,,,,,,,,,,,,,,,,,,,,,,
100,2015-05-06 20:34:44.590000000,,,,0000000000000008,,,,,,,.00000000000000,,,,,1D1C0001682FA175,0000000000000000,,,,,,,,,,,,,,,,,,,,,,,,,,,,,,,,,,,,,,,,,,,,,,,,,,,,,,,,,,
101,2015-05-06 20:34:49.583000000,,,,0000000000000008,,,,,,,.00077160493827,,,,,1D1C0001682FA175,0000000000000000,,,,,,,,,,,,,,,,,,,,,,,,,,,,,,,,,,,,,,,,,,,,,,,,,,,,,,,,,,
102,2015-05-06 20:34:54.667000000,,,,0000000000000008,,,,,,,.00000000000000,,,,,0000000000000001,0000000000000000,,,,,,,,,,,,,,,,,,,,,,,,,,,,,,,,,,,,,,,,,,,,,,,,,,,,,,,,,,
103,2015-05-06 20:34:59.580000000,,,,0000000000000008,,,,,,,.00000000000000,,,,,1D1C00012FBAE832,0000000000000000,,,,,,,,,,,,,,,,,,,,,,,,,,,,,,,,,,,,,,,,,,,,,,,,,,,,,,,,,,
104,2015-05-06 20:35:04.603000000,,,,0000000000000008,,,,,,,.00000000000000,,,,,1D1C0001D3D2D232,0000000000000000,,,,,,,,,,,,,,,,,,,,,,,,,,,,,,,,,,,,,,,,,,,,,,,,,,,,,,,,,,
105,2015-05-06 20:35:09.613000000,,,,0000000000000008,,,,,,,.00000000000000,,,,,1D1C00012FBAE802,0000000000000000,,,,,,,,,,,,,,,,,,,,,,,,,,,,,,,,,,,,,,,,,,,,,,,,,,,,,,,,,,
106,2015-05-06 20:35:14.620000000,,,,0000000000000008,,,,,,,.00000000000000,,,,,1D1C00016EDBB689,0000000000000000,,,,,,,,,,,,,,,,,,,,,,,,,,,,,,,,,,,,,,,,,,,,,,,,,,,,,,,,,,
107,2015-05-06 20:35:19.627000000,,,,0000000000000008,,,,,,,.00075028585366,,,,,1D1C0001E9A28B4E,0000000000000000,,,,,,,,,,,,,,,,,,,,,,,,,,,,,,,,,,,,,,,,,,,,,,,,,,,,,,,,,,
108,2015-05-06 20:35:24.653000000,,,,0000000000000008,,,,,,,.00000000000000,,,,,1D1C0001BAE8A2FB,0000000000000000,,,,,,,,,,,,,,,,,,,,,,,,,,,,,,,,,,,,,,,,,,,,,,,,,,,,,,,,,,
109,2015-05-06 20:35:29.643000000,,,,0000000000000008,,,,,,,.00000000000000,,,,,1D1C0001E9A28B4E,0000000000000000,,,,,,,,,,,,,,,,,,,,,,,,,,,,,,,,,,,,,,,,,,,,,,,,,,,,,,,,,,
110,2015-05-06 20:35:34.633000000,,,,0000000000000008,,,,,,,.00000000000000,,,,,0403000165040000,0000000000000000,,,,,,,,,,,,,,,,,,,,,,,,,,,,,,,,,,,,,,,,,,,,,,,,,,,,,,,,,,
111,2015-05-06 20:35:39.643000000,,,,0000000000000008,,,,,,,.00083503173913,,,,,1D1C000159C842E6,0000000000000000,,,,,,,,,,,,,,,,,,,,,,,,,,,,,,,,,,,,,,,,,,,,,,,,,,,,,,,,,,
112,2015-05-06 20:35:44.667000000,,,,,,,,,,,,,,,,,,,,,,,,,,,,,,,,,,,,,,,,,,,,,,,,,,,,,,,,,,,,,,,,,,,,,,,,,,,
113,2015-05-06 20:35:49.657000000,,,,,,,,,,,,,,,,,,,,,,,,,,,,,,,,,,,,,,,,,,,,,,,,,,,,,,,,,,,,,,,,,,,,,,,,,,,
114,2015-05-06 20:35:54.680000000,,,,,,,,,,,,,,,,,,,,,,,,,,,,,,,,,,,,,,,,,,,,,,,,,,,,,,,,,,,,,,,,,,,,,,,,,,,
115,2015-05-06 20:35:59.720000000,,,,,,,,,,,,,,,,,,,,,,,,,,,,,,,,,,,,,,,,,,,,,,,,,,,,,,,,,,,,,,,,,,,,,,,,,,,
116,2015-05-06 20:36:04.727000000,,,,,,,,,,,,,,,,,,,,,,,,,,,,,,,,,,,,,,,,,,,,,,,,,,,,,,,,,,,,,,,,,,,,,,,,,,,
117,2015-05-06 20:36:17.567000000,,,,0000000000000008,,,,,,,.00000000000000,,,,,1D1C0001A38B2E6A,0000000000000000,,,,,,,,,,,,,,,,,,,,,,,,,,,,,,,,,,,,,,,,,,,,,,,,,,,,,,,,,,
118,2015-05-06 20:36:22.560000000,,,,0000000000000008,,,,,,,.00065501146341,,,,,1D1C0001B76DDB6E,0000000000000000,,,,,,,,,,,,,,,,,,,,,,,,,,,,,,,,,,,,,,,,,,,,,,,,,,,,,,,,,,
119,2015-05-06 20:36:27.583000000,,,,0000000000000008,,,,,,,.00000000000000,,,,,1D1C0001B76DDB6E,0000000000000000,,,,,,,,,,,,,,,,,,,,,,,,,,,,,,,,,,,,,,,,,,,,,,,,,,,,,,,,,,
120,2015-05-06 20:36:32.573000000,,,,0000000000000008,,,,,,,.00000000000000,,,,,1D1C0001DBB66DBF,0000000000000000,,,,,,,,,,,,,,,,,,,,,,,,,,,,,,,,,,,,,,,,,,,,,,,,,,,,,,,,,,
121,2015-05-06 20:36:37.597000000,,,,0000000000000008,,,,,,,.00000000000000,,,,,1D1C00018C2EBAA8,0000000000000000,,,,,,,,,,,,,,,,,,,,,,,,,,,,,,,,,,,,,,,,,,,,,,,,,,,,,,,,,,
122,2015-05-06 20:36:42.620000000,,,,0000000000000008,,,,,,,.00000000000000,,,,,1D1C000149922417,0000000000000000,,,,,,,,,,,,,,,,,,,,,,,,,,,,,,,,,,,,,,,,,,,,,,,,,,,,,,,,,,
123,2015-05-06 20:36:47.613000000,,,,0000000000000008,,,,,,,.00061928353659,,,,,1D1C00016EDBB689,0000000000000000,,,,,,,,,,,,,,,,,,,,,,,,,,,,,,,,,,,,,,,,,,,,,,,,,,,,,,,,,,
124,2015-05-06 20:36:52.620000000,,,,0000000000000008,,,,,,,.00000000000000,,,,,1D1C0001ED25B4AF,0000000000000000,,,,,,,,,,,,,,,,,,,,,,,,,,,,,,,,,,,,,,,,,,,,,,,,,,,,,,,,,,
125,2015-05-06 20:39:00.470000000,,,,0000000000000008,,,,,,,.00066692073171,,,,,1D1C00014C682FA1,0000000000000000,,,,,,,,,,,,,,,,,,,,,,,,,,,,,,,,,,,,,,,,,,,,,,,,,,,,,,,,,,
126,2015-05-06 20:39:05.467000000,,,,0000000000000008,,,,,,,.00000000000000,,,,,1C1B0001EE23B81F,0000000000000000,,,,,,,,,,,,,,,,,,,,,,,,,,,,,,,,,,,,,,,,,,,,,,,,,,,,,,,,,,
127,2015-05-06 20:39:10.467000000,,,,0000000000000008,,,,,,,.00079345700000,,,,,1D1C0001CB3E8704,0000000000000000,,,,,,,,,,,,,,,,,,,,,,,,,,,,,,,,,,,,,,,,,,,,,,,,,,,,,,,,,,
128,2015-05-06 20:39:15.477000000,,,,0000000000000008,,,,,,,.00000000000000,,,,,1D1C0001BAE8A2FB,0000000000000000,,,,,,,,,,,,,,,,,,,,,,,,,,,,,,,,,,,,,,,,,,,,,,,,,,,,,,,,,,
129,2015-05-06 20:39:20.480000000,,,,0000000000000008,,,,,,,.00000000000000,,,,,1D1C0001721CC7E9,0000000000000000,,,,,,,,,,,,,,,,,,,,,,,,,,,,,,,,,,,,,,,,,,,,,,,,,,,,,,,,,,
130,2015-05-06 20:39:25.487000000,,,,0000000000000008,,,,,,,.00092892536585,,,,,1D1C0001ABAAAA92,0000000000000000,,,,,,,,,,,,,,,,,,,,,,,,,,,,,,,,,,,,,,,,,,,,,,,,,,,,,,,,,,
131,2015-05-06 20:39:30.503000000,,,,0000000000000008,,,,,,,.00000000000000,,,,,1D1C0001766227D2,0000000000000000,,,,,,,,,,,,,,,,,,,,,,,,,,,,,,,,,,,,,,,,,,,,,,,,,,,,,,,,,,
132,2015-05-06 20:39:35.500000000,,,,0000000000000008,,,,,,,.00073868192308,,,,,1D1C000185F6124A,0000000000000000,,,,,,,,,,,,,,,,,,,,,,,,,,,,,,,,,,,,,,,,,,,,,,,,,,,,,,,,,,
133,2015-05-06 20:39:40.507000000,,,,0000000000000008,,,,,,,.00067515432099,,,,,1D1C0001682FA175,0000000000000000,,,,,,,,,,,,,,,,,,,,,,,,,,,,,,,,,,,,,,,,,,,,,,,,,,,,,,,,,,
134,2015-05-06 20:39:45.527000000,,,,0000000000000008,,,,,,,.00000000000000,,,,,1D1C0001D504E34D,0000000000000000,,,,,,,,,,,,,,,,,,,,,,,,,,,,,,,,,,,,,,,,,,,,,,,,,,,,,,,,,,
135,2015-05-06 20:39:50.533000000,,,,0000000000000008,,,,,,,.00000000000000,,,,,1D1C0001254992C6,0000000000000000,,,,,,,,,,,,,,,,,,,,,,,,,,,,,,,,,,,,,,,,,,,,,,,,,,,,,,,,,,
136,2015-05-06 20:39:55.547000000,,,,0000000000000008,,,,,,,.00000000000000,,,,,1D1C0001DBB66DBF,0000000000000000,,,,,,,,,,,,,,,,,,,,,,,,,,,,,,,,,,,,,,,,,,,,,,,,,,,,,,,,,,
137,2015-05-06 20:40:00.547000000,,,,0000000000000008,,,,,,,.00000000000000,,,,,1D1C00014C682FA1,0000000000000000,,,,,,,,,,,,,,,,,,,,,,,,,,,,,,,,,,,,,,,,,,,,,,,,,,,,,,,,,,
138,2015-05-06 20:40:05.557000000,,,,0000000000000008,,,,,,,.00081380205128,,,,,1D1C0001DBB66D03,0000000000000000,,,,,,,,,,,,,,,,,,,,,,,,,,,,,,,,,,,,,,,,,,,,,,,,,,,,,,,,,,
139,2015-05-06 20:40:10.563000000,,,,0000000000000008,,,,,,,.00000000000000,,,,,1D1C000162277612,0000000000000000,,,,,,,,,,,,,,,,,,,,,,,,,,,,,,,,,,,,,,,,,,,,,,,,,,,,,,,,,,
140,2015-05-06 20:40:15.570000000,,,,0000000000000008,,,,,,,.00000000000000,,,,,1D1C0001682FA175,0000000000000000,,,,,,,,,,,,,,,,,,,,,,,,,,,,,,,,,,,,,,,,,,,,,,,,,,,,,,,,,,
141,2015-05-06 20:40:20.583000000,,,,0000000000000008,,,,,,,.00000000000000,,,,,1D1C000126B49758,0000000000000000,,,,,,,,,,,,,,,,,,,,,,,,,,,,,,,,,,,,,,,,,,,,,,,,,,,,,,,,,,
142,2015-05-06 20:40:25.577000000,,,,0000000000000008,,,,,,,.00064280063291,,,,,1D1C000109ED2584,0000000000000000,,,,,,,,,,,,,,,,,,,,,,,,,,,,,,,,,,,,,,,,,,,,,,,,,,,,,,,,,,
143,2015-05-06 20:40:30.597000000,,,,0000000000000008,,,,,,,.00066692073171,,,,,1D1C000146175DC4,0000000000000000,,,,,,,,,,,,,,,,,,,,,,,,,,,,,,,,,,,,,,,,,,,,,,,,,,,,,,,,,,
144,2015-05-06 20:40:35.607000000,,,,0000000000000008,,,,,,,.00067883000000,,,,,1D1C00012FA1BDCC,0000000000000000,,,,,,,,,,,,,,,,,,,,,,,,,,,,,,,,,,,,,,,,,,,,,,,,,,,,,,,,,,
145,2015-05-06 20:40:40.620000000,,,,0000000000000008,,,,,,,.00305911132530,,,,,020100010F000000,0000000000000000,,,,,,,,,,,,,,,,,,,,,,,,,,,,,,,,,,,,,,,,,,,,,,,,,,,,,,,,,,
146,2015-05-06 20:40:45.620000000,,,,0000000000000008,,,,,,,.00000000000000,,,,,1D1C0001277662D3,0000000000000000,,,,,,,,,,,,,,,,,,,,,,,,,,,,,,,,,,,,,,,,,,,,,,,,,,,,,,,,,,
147,2015-05-06 20:40:50.637000000,,,,0000000000000008,,,,,,,.00000000000000,,,,,0302000170000000,0000000000000000,,,,,,,,,,,,,,,,,,,,,,,,,,,,,,,,,,,,,,,,,,,,,,,,,,,,,,,,,,
148,2015-05-06 20:40:55.633000000,,,,0000000000000008,,,,,,,.00000000000000,,,,,1D1C00018C2EBAA8,0000000000000000,,,,,,,,,,,,,,,,,,,,,,,,,,,,,,,,,,,,,,,,,,,,,,,,,,,,,,,,,,
149,2015-05-06 20:41:00.640000000,,,,0000000000000008,,,,,,,.00000000000000,,,,,1D1C0001C1782BBB,0000000000000000,,,,,,,,,,,,,,,,,,,,,,,,,,,,,,,,,,,,,,,,,,,,,,,,,,,,,,,,,,
150,2015-05-06 20:41:05.633000000,,,,0000000000000008,,,,,,,.00000000000000,,,,,1D1C0001138CB7A2,0000000000000000,,,,,,,,,,,,,,,,,,,,,,,,,,,,,,,,,,,,,,,,,,,,,,,,,,,,,,,,,,
151,2015-05-06 20:41:10.667000000,,,,0000000000000008,,,,,,,.00000000000000,,,,,020100010C000000,0000000000000000,,,,,,,,,,,,,,,,,,,,,,,,,,,,,,,,,,,,,,,,,,,,,,,,,,,,,,,,,,
152,2015-05-06 20:41:15.663000000,,,,0000000000000008,,,,,,,.00000000000000,,,,,1D1C0001A38B2E6A,0000000000000000,,,,,,,,,,,,,,,,,,,,,,,,,,,,,,,,,,,,,,,,,,,,,,,,,,,,,,,,,,
153,2015-05-06 20:41:20.680000000,,,,0000000000000008,,,,,,,.00074462887500,,,,,1D1C0001E4388E3B,0000000000000000,,,,,,,,,,,,,,,,,,,,,,,,,,,,,,,,,,,,,,,,,,,,,,,,,,,,,,,,,,
154,2015-05-06 20:41:25.663000000,,,,0000000000000008,,,,,,,.00172776448718,,,,,1D1C0001766227D2,0000000000000000,,,,,,,,,,,,,,,,,,,,,,,,,,,,,,,,,,,,,,,,,,,,,,,,,,,,,,,,,,
155,2015-05-06 20:41:30.687000000,,,,0000000000000008,,,,,,,.00067988531646,,,,,1D1C0001138CB7A2,0000000000000000,,,,,,,,,,,,,,,,,,,,,,,,,,,,,,,,,,,,,,,,,,,,,,,,,,,,,,,,,,
156,2015-05-06 20:41:35.693000000,,,,0000000000000008,,,,,,,.00000000000000,,,,,0302000168000000,0000000000000000,,,,,,,,,,,,,,,,,,,,,,,,,,,,,,,,,,,,,,,,,,,,,,,,,,,,,,,,,,
157,2015-05-06 20:41:40.703000000,,,,0000000000000008,,,,,,,.00000000000000,,,,,1D1C000146175DC4,0000000000000000,,,,,,,,,,,,,,,,,,,,,,,,,,,,,,,,,,,,,,,,,,,,,,,,,,,,,,,,,,
158,2015-05-06 20:41:45.710000000,,,,0000000000000008,,,,,,,.00000000000000,,,,,1D1C0001CB3E8704,0000000000000000,,,,,,,,,,,,,,,,,,,,,,,,,,,,,,,,,,,,,,,,,,,,,,,,,,,,,,,,,,
159,2015-05-06 20:41:50.723000000,,,,0000000000000008,15.40000000000000,,,,,,.00000000000000,,,,,0302000173000000,0000000000000000,,,,,,,,,,,,,,,,,1991.00000000000000,,,,,,,,,,,,,,,,,,,,,,,,,,,,,,,,,,,4027.00000000000000,.00000000000000,,,,,
160,2015-05-06 20:41:55.713000000,,,,,,,,,,,,,,,,,,,,,,,,,,,,,,,,,,,,,,,,,,,,,,,,,,,,,,,,,,,,,,,,,,,,,,,,,,,
161,2015-05-06 20:42:00.730000000,,,,,,,,,,,,,,,,,,,,,,,,,,,,,,,,,,,,,,,,,,,,,,,,,,,,,,,,,,,,,,,,,,,,,,,,,,,
162,2015-05-06 20:42:05.740000000,,,,0000000000000008,,,,,,,.00000000000000,,,,,020100010F000000,0000000000000000,,,,,,,,,,,,,,,,,,,,,,,,,,,,,,,,,,,,,,,,,,,,,,,,,,,,,,,,,,
163,2015-05-06 20:42:10.757000000,,,,0000000000000008,12.45454545454545,,,,,,.00000000000000,,,,,1D1C00014B4B4B8B,0000000000000000,,,,,,,,,,.00000000000000,.00000000000000,,,,,,1445.27272727272727,,,,,,,,,,,,,,,,,,,,,,,,,,,,,,,,,,,.00000000000000,.00000000000000,,,,,
164,2015-05-06 20:42:15.757000000,,,,0000000000000008,,,,,,,.00000000000000,,,,,1C1B0001E3ADECDB,0000000000000000,,,,,,,,,,,,,,,,,,,,,,,,,,,,,,,,,,,,,,,,,,,,,,,,,,,,,,,,,,
165,2015-05-06 20:42:20.773000000,,,,0000000000000008,,,,,,,.00069754467532,,,,,1C1B000113DA4B8C,0000000000000000,,,,,,,,,,,,,,,,,,,,,,,,,,,,,,,,,,,,,,,,,,,,,,,,,,,,,,,,,,
166,2015-05-06 20:42:25.780000000,,,,0000000000000008,17.00000000000000,,,,,,.00000000000000,,,,,1D1C000155555515,0000000000000000,,,,,,,,,,,,,,,,,1213.16666666666667,,,,,,,,,,,,,,,,,,,,,,,,,,,,,,,,,,,4027.00000000000000,.00000000000000,,,,,
167,2015-05-06 20:42:30.780000000,,,,0000000000000008,,,,,,,.00000000000000,,,,,1D1C0001F1F0F048,0000000000000000,,,,,,,,,,,,,,,,,,,,,,,,,,,,,,,,,,,,,,,,,,,,,,,,,,,,,,,,,,
168,2015-05-06 20:42:35.787000000,,,,0000000000000008,,,,,,,.00000000000000,,,,,1D1C000192244992,0000000000000000,,,,,,,,,,,,,,,,,,,,,,,,,,,,,,,,,,,,,,,,,,,,,,,,,,,,,,,,,,
169,2015-05-06 20:42:40.793000000,,,,0000000000000008,,,,,,,.00000000000000,,,,,1D1C0001398EE358,0000000000000000,,,,,,,,,,,,,,,,,,,,,,,,,,,,,,,,,,,,,,,,,,,,,,,,,,,,,,,,,,
170,2015-05-06 20:42:45.800000000,,,,0000000000000008,,,,,,,.00000000000000,,,,,1D1C0001D9899D18,0000000000000000,,,,,,,,,,,,,,,,,,,,,,,,,,,,,,,,,,,,,,,,,,,,,,,,,,,,,,,,,,
171,2015-05-06 20:42:50.807000000,,,,0000000000000008,,,,,,,.00000000000000,,,,,1D1C000130453E4B,0000000000000000,,,,,,,,,,,,,,,,,,,,,,,,,,,,,,,,,,,,,,,,,,,,,,,,,,,,,,,,,,
172,2015-05-06 20:42:55.817000000,,,,0000000000000008,,,,,,,.00000000000000,,,,,1D1C000177256AF7,0000000000000000,,,,,,,,,,,,,,,,,,,,,,,,,,,,,,,,,,,,,,,,,,,,,,,,,,,,,,,,,,
173,2015-05-06 20:43:00.823000000,,,,0000000000000008,,,,,,,.00000000000000,,,,,1D1C0001AD1B4C91,0000000000000000,,,,,,,,,,,,,,,,,,,,,,,,,,,,,,,,,,,,,,,,,,,,,,,,,,,,,,,,,,
174,2015-05-06 20:43:05.830000000,,,,0000000000000008,,,,,,,.00000000000000,,,,,1D1C000177256AF7,0000000000000000,,,,,,,,,,,,,,,,,,,,,,,,,,,,,,,,,,,,,,,,,,,,,,,,,,,,,,,,,,
175,2015-05-06 20:43:10.840000000,,,,0000000000000008,,,,,,,.00000000000000,,,,,1D1C0001B5B4B41C,0000000000000000,,,,,,,,,,,,,,,,,,,,,,,,,,,,,,,,,,,,,,,,,,,,,,,,,,,,,,,,,,
176,2015-05-06 20:43:15.857000000,,,,0000000000000008,16.00000000000000,,,,,,.00000000000000,,,,,1D1C0001175D7471,0000000000000000,,,,,-400.00000000000000,-400.00000000000000,-400.00000000000000,-400.00000000000000,,.00000000000000,-400.00000000000000,,,,,,101409.67241379310345,,3754.00000000000000,3758.00000000000000,3765.00000000000000,3779.33333333333333,3805.00000000000000,3881.87500000000000,3939.00000000000000,4024.00000000000000,3782.00000000000000,3786.00000000000000,3790.00000000000000,3804.00000000000000,3821.50000000000000,3883.00000000000000,3941.00000000000000,4014.50000000000000,3779.00000000000000,3781.66666666666667,3786.00000000000000,3798.00000000000000,3821.00000000000000,3863.00000000000000,3942.00000000000000,4026.83333333333333,3782.00000000000000,3785.00000000000000,3789.83333333333333,3800.00000000000000,3822.83333333333333,3879.00000000000000,3954.00000000000000,4014.00000000000000,,4027.00000000000000,.00000000000000,,,,,
177,2015-05-06 20:43:20.867000000,,,,0000000000000008,13.96153846153846,,,,,,.00000000000000,,,,,1D1C0001967D0EF9,0000000000000000,,,,,-400.00000000000000,-400.00000000000000,-400.00000000000000,-400.00000000000000,,.00000000000000,-400.00000000000000,,,,,,64431.40384615384615,,3754.00000000000000,3758.00000000000000,3765.00000000000000,3779.00000000000000,3805.00000000000000,3882.00000000000000,3939.00000000000000,4024.00000000000000,3782.00000000000000,3786.00000000000000,3790.00000000000000,3804.00000000000000,3821.88888888888889,3883.11111111111111,3941.00000000000000,4014.00000000000000,3779.00000000000000,3781.80000000000000,3786.00000000000000,3798.00000000000000,3821.00000000000000,3863.00000000000000,3942.00000000000000,4026.83333333333333,3782.00000000000000,3785.00000000000000,3789.80000000000000,3800.00000000000000,3823.00000000000000,3879.00000000000000,3954.00000000000000,4014.00000000000000,,4027.00000000000000,.00000000000000,,,,,
178,2015-05-06 20:43:25.870000000,,,,0000000000000008,6.12500000000000,,,,,,.00000000000000,,,,,1D1C000155555515,0000000000000000,,,,,,,,,,.00000000000000,-400.00000000000000,,,,,,40259.00000000000000,,,,,,,,,,,,,,,,,,,,,,,,,,,,,,,,,,,4027.00000000000000,.00000000000000,,,,,
179,2015-05-06 20:43:30.870000000,,,,,,,,,,,,,,,,,,,,,,,,,,,,,,,,,,,,,,,,,,,,,,,,,,,,,,,,,,,,,,,,,,,,,,,,,,,
180,2015-05-06 20:43:35.877000000,,,,,,,,,,,,,,,,,,,,,,,,,,,,,,,,,,,,,,,,,,,,,,,,,,,,,,,,,,,,,,,,,,,,,,,,,,,
181,2015-05-06 20:43:40.883000000,,,,,,,,,,,,,,,,,,,,,,,,,,,,,,,,,,,,,,,,,,,,,,,,,,,,,,,,,,,,,,,,,,,,,,,,,,,
182,2015-05-06 20:43:45.893000000,,,,0000000000000008,,,,,,,.00000000000000,,,,,0302000174000000,0000000000000000,,,,,,,,,,,,,,,,,,,,,,,,,,,,,,,,,,,,,,,,,,,,,,,,,,,,,,,,,,
183,2015-05-06 20:43:50.900000000,,,,0000000000000008,,,,,,,.00000000000000,,,,,1D1C00011D5213EC,0000000000000000,,,,,,,,,,,,,,,,,,,,,,,,,,,,,,,,,,,,,,,,,,,,,,,,,,,,,,,,,,
184,2015-05-06 20:47:42.577000000,,,,0000000000000008,,,,,,,.00000000000000,,,,,1D1C000109EE23E8,0000000000000000,,,,,,,,,,,,,,,,,,,,,,,,,,,,,,,,,,,,,,,,,,,,,,,,,,,,,,,,,,
185,2015-05-06 20:47:47.570000000,,,,0000000000000008,,,,,,,.00179036461538,,,,,1D1C0001888787B7,0000000000000000,,,,,,,,,,,,,,,,,,,,,,,,,,,,,,,,,,,,,,,,,,,,,,,,,,,,,,,,,,
186,2015-05-06 20:47:52.577000000,,,,0000000000000008,,,,,,,.00000000000000,,,,,1D1C0001108DF551,0000000000000000,,,,,,,,,,,,,,,,,,,,,,,,,,,,,,,,,,,,,,,,,,,,,,,,,,,,,,,,,,
187,2015-05-06 20:47:57.567000000,,,,0000000000000008,,,,,,,.00000000000000,,,,,1D1C0001050505D5,0000000000000000,,,,,,,,,,,,,,,,,,,,,,,,,,,,,,,,,,,,,,,,,,,,,,,,,,,,,,,,,,
188,2015-05-06 20:48:02.607000000,,,,0000000000000008,,,,,,,.00101412256410,,,,,1D1C0001C9C8C8A8,0000000000000000,,,,,,,,,,,,,,,,,,,,,,,,,,,,,,,,,,,,,,,,,,,,,,,,,,,,,,,,,,
189,2015-05-06 20:48:07.613000000,,,,0000000000000008,,,,,,,.00000000000000,,,,,1D1C0001922449FC,0000000000000000,,,,,,,,,,,,,,,,,,,,,,,,,,,,,,,,,,,,,,,,,,,,,,,,,,,,,,,,,,
190,2015-05-06 20:48:12.620000000,,,,0000000000000008,,,,,,,.00000000000000,,,,,1D1C0001175D7471,0000000000000000,,,,,,,,,,,,,,,,,,,,,,,,,,,,,,,,,,,,,,,,,,,,,,,,,,,,,,,,,,
191,2015-05-06 20:48:17.613000000,,,,0000000000000008,,,,,,,.00000000000000,,,,,1D1C00014FECC452,0000000000000000,,,,,,,,,,,,,,,,,,,,,,,,,,,,,,,,,,,,,,,,,,,,,,,,,,,,,,,,,,
192,2015-05-06 20:48:22.637000000,,,,0000000000000008,,,,,,,.00070672289474,,,,,1D1C0001B497D006,0000000000000000,,,,,,,,,,,,,,,,,,,,,,,,,,,,,,,,,,,,,,,,,,,,,,,,,,,,,,,,,,
193,2015-05-06 20:48:27.643000000,,,,0000000000000008,,,,,,,.00000000000000,,,,,1D1C0001ABAAAAB4,0000000000000000,,,,,,,,,,,,,,,,,,,,,,,,,,,,,,,,,,,,,,,,,,,,,,,,,,,,,,,,,,
194,2015-05-06 20:48:32.637000000,,,,,,,,,,,,,,,,,,,,,,,,,,,,,,,,,,,,,,,,,,,,,,,,,,,,,,,,,,,,,,,,,,,,,,,,,,,
195,2015-05-06 20:48:37.627000000,,,,,,,,,,,,,,,,,,,,,,,,,,,,,,,,,,,,,,,,,,,,,,,,,,,,,,,,,,,,,,,,,,,,,,,,,,,
196,2015-05-06 20:48:42.667000000,,,,,,,,,,,,,,,,,,,,,,,,,,,,,,,,,,,,,,,,,,,,,,,,,,,,,,,,,,,,,,,,,,,,,,,,,,,
197,2015-05-06 20:48:47.707000000,,,,0000000000000008,,,,,,,.00063476562500,,,,,1D1C00015D74D155,0000000000000000,,,,,,,,,,,,,,,,,,,,,,,,,,,,,,,,,,,,,,,,,,,,,,,,,,,,,,,,,,
198,2015-05-06 20:48:52.650000000,,,,0000000000000008,,,,,,,.00000000000000,,,,,1D1C0001B1133B11,0000000000000000,,,,,,,,,,,,,,,,,,,,,,,,,,,,,,,,,,,,,,,,,,,,,,,,,,,,,,,,,,
199,2015-05-06 20:48:57.690000000,,,,0000000000000008,,,,,,,.00000000000000,,,,,1D1C0001766227D2,0000000000000000,,,,,,,,,,,,,,,,,,,,,,,,,,,,,,,,,,,,,,,,,,,,,,,,,,,,,,,,,,
200,2015-05-06 20:49:02.697000000,,,,0000000000000008,,,,,,,.00000000000000,,,,,1D1C00012FA1BDCC,0000000000000000,,,,,,,,,,,,,,,,,,,,,,,,,,,,,,,,,,,,,,,,,,,,,,,,,,,,,,,,,,
201,2015-05-06 20:49:07.673000000,,,,0000000000000008,,,,,,,.00079900571429,,,,,1D1C0001922449FC,0000000000000000,,,,,,,,,,,,,,,,,,,,,,,,,,,,,,,,,,,,,,,,,,,,,,,,,,,,,,,,,,
202,2015-05-06 20:49:12.713000000,,,,0000000000000008,,,,,,,.00000000000000,,,,,1D1C0001721CC7E9,0000000000000000,,,,,,,,,,,,,,,,,,,,,,,,,,,,,,,,,,,,,,,,,,,,,,,,,,,,,,,,,,
203,2015-05-06 20:49:17.690000000,,,,0000000000000008,,,,,,,.00000000000000,,,,,1D1C000127186F35,0000000000000000,,,,,,,,,,,,,,,,,,,,,,,,,,,,,,,,,,,,,,,,,,,,,,,,,,,,,,,,,,
204,2015-05-06 20:49:22.713000000,,,,0000000000000008,,,,,,,.00000000000000,,,,,1D1C000162277612,0000000000000000,,,,,,,,,,,,,,,,,,,,,,,,,,,,,,,,,,,,,,,,,,,,,,,,,,,,,,,,,,
205,2015-05-06 20:49:27.703000000,,,,0000000000000008,,,,,,,.00160349160494,,,,,1D1C00011CC7716C,0000000000000000,,,,,,,,,,,,,,,,,,,,,,,,,,,,,,,,,,,,,,,,,,,,,,,,,,,,,,,,,,
206,2015-05-06 20:49:32.727000000,,,,0000000000000008,,,,,,,.00073868192308,,,,,1D1C0001C1782BBB,0000000000000000,,,,,,,,,,,,,,,,,,,,,,,,,,,,,,,,,,,,,,,,,,,,,,,,,,,,,,,,,,
207,2015-05-06 20:49:37.750000000,,,,0000000000000008,,,,,,,.00000000000000,,,,,1D1C0001ABAAAA92,0000000000000000,,,,,,,,,,,,,,,,,,,,,,,,,,,,,,,,,,,,,,,,,,,,,,,,,,,,,,,,,,
208,2015-05-06 20:49:42.773000000,,,,0000000000000008,,,,,,,.00279342279070,,,,,1D1C0001175D7471,0000000000000000,,,,,,,,,,,,,,,,,,,,,,,,,,,,,,,,,,,,,,,,,,,,,,,,,,,,,,,,,,
209,2015-05-06 20:49:47.767000000,,,,0000000000000008,,,,,,,.00000000000000,,,,,1D1C000109ED2584,0000000000000000,,,,,,,,,,,,,,,,,,,,,,,,,,,,,,,,,,,,,,,,,,,,,,,,,,,,,,,,,,
210,2015-05-06 20:49:52.757000000,,,,0000000000000008,,,,,,,.00000000000000,,,,,1C1B0001ED25B4B7,0000000000000000,,,,,,,,,,,,,,,,,,,,,,,,,,,,,,,,,,,,,,,,,,,,,,,,,,,,,,,,,,
211,2015-05-06 20:49:57.767000000,,,,0000000000000008,,,,,,,.00065104166667,,,,,1D1C0001ABAAAA92,0000000000000000,,,,,,,,,,,,,,,,,,,,,,,,,,,,,,,,,,,,,,,,,,,,,,,,,,,,,,,,,,
212,2015-05-06 20:50:02.757000000,,,,0000000000000008,,,,,,,.00092833716049,,,,,1D1C0001DA4B684F,0000000000000000,,,,,,,,,,,,,,,,,,,,,,,,,,,,,,,,,,,,,,,,,,,,,,,,,,,,,,,,,,
213,2015-05-06 20:50:07.797000000,,,,0000000000000008,,,,,,,.00000000000000,,,,,1D1C0001D15E42DB,0000000000000000,,,,,,,,,,,,,,,,,,,,,,,,,,,,,,,,,,,,,,,,,,,,,,,,,,,,,,,,,,
214,2015-05-06 20:50:12.790000000,,,,0000000000000008,,,,,,,.00000000000000,,,,,1D1C0001138CB7A2,0000000000000000,,,,,,,,,,,,,,,,,,,,,,,,,,,,,,,,,,,,,,,,,,,,,,,,,,,,,,,,,,
215,2015-05-06 20:50:17.860000000,,,,0000000000000008,,,,,,,.00517948962025,,,,,1D1C000194D750FE,0000000000000000,,,,,,,,,,,,,,,,,,,,,,,,,,,,,,,,,,,,,,,,,,,,,,,,,,,,,,,,,,
216,2015-05-06 20:50:22.803000000,,,,0000000000000008,,,,,,,.00150339223684,,,,,1D1C0001D504E34D,0000000000000000,,,,,,,,,,,,,,,,,,,,,,,,,,,,,,,,,,,,,,,,,,,,,,,,,,,,,,,,,,
217,2015-05-06 20:50:27.827000000,,,,0000000000000008,,,,,,,.00000000000000,,,,,1D1C0001464646C6,0000000000000000,,,,,,,,,,,,,,,,,,,,,,,,,,,,,,,,,,,,,,,,,,,,,,,,,,,,,,,,,,
218,2015-05-06 20:50:32.867000000,,,,0000000000000008,,,,,,,.00000000000000,,,,,1D1C000174D14517,0000000000000000,,,,,,,,,,,,,,,,,,,,,,,,,,,,,,,,,,,,,,,,,,,,,,,,,,,,,,,,,,
219,2015-05-06 20:50:37.827000000,,,,0000000000000008,,,,,,,.00076372192308,,,,,1D1C000185F6124A,0000000000000000,,,,,,,,,,,,,,,,,,,,,,,,,,,,,,,,,,,,,,,,,,,,,,,,,,,,,,,,,,
220,2015-05-06 20:50:42.833000000,,,,0000000000000008,,,,,,,.00148338607595,,,,,1D1C00011D5213EC,0000000000000000,,,,,,,,,,,,,,,,,,,,,,,,,,,,,,,,,,,,,,,,,,,,,,,,,,,,,,,,,,
221,2015-05-06 20:50:47.903000000,,,,0000000000000008,,,,,,,.00000000000000,,,,,1D1C00011FC17D04,0000000000000000,,,,,,,,,,,,,,,,,,,,,,,,,,,,,,,,,,,,,,,,,,,,,,,,,,,,,,,,,,
222,2015-05-06 20:50:52.850000000,,,,0000000000000008,,,,,,,.00000000000000,,,,,1D1C0001D15E42DB,0000000000000000,,,,,,,,,,,,,,,,,,,,,,,,,,,,,,,,,,,,,,,,,,,,,,,,,,,,,,,,,,
223,2015-05-06 20:50:57.857000000,,,,0000000000000008,,,,,,,.00000000000000,,,,,1D1C0001C1782BBB,0000000000000000,,,,,,,,,,,,,,,,,,,,,,,,,,,,,,,,,,,,,,,,,,,,,,,,,,,,,,,,,,
224,2015-05-06 20:51:02.880000000,,,,0000000000000008,,,,,,,.00078125000000,,,,,1D1C000126B49758,0000000000000000,,,,,,,,,,,,,,,,,,,,,,,,,,,,,,,,,,,,,,,,,,,,,,,,,,,,,,,,,,
225,2015-05-06 20:51:07.957000000,,,,0000000000000008,,,,,,,.00000000000000,,,,,0403000165040000,0000000000000000,,,,,,,,,,,,,,,,,,,,,,,,,,,,,,,,,,,,,,,,,,,,,,,,,,,,,,,,,,
226,2015-05-06 20:51:12.863000000,,,,0000000000000008,,,,,,,.00000000000000,,,,,1D1C0001CB3E8704,0000000000000000,,,,,,,,,,,,,,,,,,,,,,,,,,,,,,,,,,,,,,,,,,,,,,,,,,,,,,,,,,
227,2015-05-06 20:51:17.887000000,,,,0000000000000008,,,,,,,.00066356166667,,,,,1D1C00011D5213EC,0000000000000000,,,,,,,,,,,,,,,,,,,,,,,,,,,,,,,,,,,,,,,,,,,,,,,,,,,,,,,,,,
228,2015-05-06 20:51:22.880000000,,,,0000000000000008,,,,,,,.00083884217949,,,,,1D1C0001766227D2,0000000000000000,,,,,,,,,,,,,,,,,,,,,,,,,,,,,,,,,,,,,,,,,,,,,,,,,,,,,,,,,,
229,2015-05-06 20:51:27.917000000,,,,0000000000000008,,,,,,,.00000000000000,,,,,1D1C000116D3592C,0000000000000000,,,,,,,,,,,,,,,,,,,,,,,,,,,,,,,,,,,,,,,,,,,,,,,,,,,,,,,,,,
230,2015-05-06 20:51:32.910000000,,,,0000000000000008,,,,,,,.00000000000000,,,,,1D1C0001D14517BD,0000000000000000,,,,,,,,,,,,,,,,,,,,,,,,,,,,,,,,,,,,,,,,,,,,,,,,,,,,,,,,,,
231,2015-05-06 20:51:37.933000000,,,,0000000000000008,,,,,,,.00075301204819,,,,,1D1C00016EDBB6AB,0000000000000000,,,,,,,,,,,,,,,,,,,,,,,,,,,,,,,,,,,,,,,,,,,,,,,,,,,,,,,,,,
232,2015-05-06 20:51:42.940000000,,,,0000000000000008,,,,,,,.00000000000000,,,,,1D1C0001DBB66DE1,0000000000000000,,,,,,,,,,,,,,,,,,,,,,,,,,,,,,,,,,,,,,,,,,,,,,,,,,,,,,,,,,
233,2015-05-06 20:51:47.950000000,,,,0000000000000008,,,,,,,.00072646719512,,,,,1D1C0001175D74A1,0000000000000000,,,,,,,,,,,,,,,,,,,,,,,,,,,,,,,,,,,,,,,,,,,,,,,,,,,,,,,,,,
234,2015-05-06 20:51:52.973000000,,,,0000000000000008,,,,,,,.00000000000000,,,,,1D1C0001ED25B4AF,0000000000000000,,,,,,,,,,,,,,,,,,,,,,,,,,,,,,,,,,,,,,,,,,,,,,,,,,,,,,,,,,
235,2015-05-06 20:51:57.963000000,,,,0000000000000008,,,,,,,.00000000000000,,,,,0403000165040000,0000000000000000,,,,,,,,,,,,,,,,,,,,,,,,,,,,,,,,,,,,,,,,,,,,,,,,,,,,,,,,,,
236,2015-05-06 20:52:02.970000000,,,,0000000000000008,,,,,,,.00000000000000,,,,,020100010C000000,0000000000000000,,,,,,,,,,,,,,,,,,,,,,,,,,,,,,,,,,,,,,,,,,,,,,,,,,,,,,,,,,
237,2015-05-06 20:52:07.980000000,,,,0000000000000008,,,,,,,.00000000000000,,,,,1D1C000174D14517,0000000000000000,,,,,,,,,,,,,,,,,,,,,,,,,,,,,,,,,,,,,,,,,,,,,,,,,,,,,,,,,,
238,2015-05-06 20:52:12.987000000,,,,0000000000000008,,,,,,,.00207971648148,,,,,1D1C0001DBB66D1B,0000000000000000,,,,,,,,,,,,,,,,,,,,,,,,,,,,,,,,,,,,,,,,,,,,,,,,,,,,,,,,,,
239,2015-05-06 20:52:17.993000000,,,,,,,,,,,,,,,,,,,,,,,,,,,,,,,,,,,,,,,,,,,,,,,,,,,,,,,,,,,,,,,,,,,,,,,,,,,
240,2015-05-06 20:52:23.017000000,,,,0000000000000008,,,,,,,.00221604576923,,,,,1D1C00014B4B4B8B,0000000000000000,,,,,,,,,,,,,,,,,,,,,,,,,,,,,,,,,,,,,,,,,,,,,,,,,,,,,,,,,,
241,2015-05-06 20:52:28.010000000,,,,0000000000000008,,,,,,,.00000000000000,,,,,1D1C0001143BB113,0000000000000000,,,,,,,,,,,,,,,,,,,,,,,,,,,,,,,,,,,,,,,,,,,,,,,,,,,,,,,,,,
242,2015-05-06 20:52:33.017000000,,,,0000000000000008,,,,,,,.00000000000000,,,,,1D1C0001D2200D12,0000000000000000,,,,,,,,,,,,,,,,,,,,,,,,,,,,,,,,,,,,,,,,,,,,,,,,,,,,,,,,,,
243,2015-05-06 20:52:38.023000000,,,,,,,,,,,,,,,,,,,,,,,,,,,,,,,,,,,,,,,,,,,,,,,,,,,,,,,,,,,,,,,,,,,,,,,,,,,
244,2015-05-06 20:52:43.033000000,,,,,,,,,,,,,,,,,,,,,,,,,,,,,,,,,,,,,,,,,,,,,,,,,,,,,,,,,,,,,,,,,,,,,,,,,,,
245,2015-05-06 20:52:48.040000000,,,,0000000000000008,,,,,,,.00000000000000,,,,,1D1C0001B76DDB6E,0000000000000000,,,,,,,,,,,,,,,,,,,,,,,,,,,,,,,,,,,,,,,,,,,,,,,,,,,,,,,,,,
1245,2015-05-06 20:54:22.210000000,,,,0000000000000008,,,,,,,.00000000000000,,,,,1D1C0001DDD30893,0000000000000000,,,,,,,,,,,,,,,,,,,,,,,,,,,,,,,,,,,,,,,,,,,,,,,,,,,,,,,,,,
1246,2015-05-06 20:54:27.200000000,,,,0000000000000008,,,,,,,.00000000000000,,,,,1D1C000146175DC4,0000000000000000,,,,,,,,,,,,,,,,,,,,,,,,,,,,,,,,,,,,,,,,,,,,,,,,,,,,,,,,,,
1247,2015-05-06 20:54:32.200000000,,,,0000000000000008,,,,,,,.00000000000000,,,,,1D1C0001922449FC,0000000000000000,,,,,,,,,,,,,,,,,,,,,,,,,,,,,,,,,,,,,,,,,,,,,,,,,,,,,,,,,,
1248,2015-05-06 20:54:47.977000000,,,,0000000000000008,,,,,,,.00000000000000,,,,,1D1C00012FBAE832,0000000000000000,,,,,,,,,,,,,,,,,,,,,,,,,,,,,,,,,,,,,,,,,,,,,,,,,,,,,,,,,,
1249,2015-05-06 20:54:52.980000000,,,,0000000000000008,,,,,,,.00000000000000,,,,,1D1C00016EDBB689,0000000000000000,,,,,,,,,,,,,,,,,,,,,,,,,,,,,,,,,,,,,,,,,,,,,,,,,,,,,,,,,,
1250,2015-05-06 20:54:57.987000000,,,,0000000000000008,,,,,,,.00000000000000,,,,,1D1C000174D14517,0000000000000000,,,,,,,,,,,,,,,,,,,,,,,,,,,,,,,,,,,,,,,,,,,,,,,,,,,,,,,,,,
1251,2015-05-06 20:55:02.997000000,,,,0000000000000008,,,,,,,.00000000000000,,,,,1D1C000124B88F70,0000000000000000,,,,,,,,,,,,,,,,,,,,,,,,,,,,,,,,,,,,,,,,,,,,,,,,,,,,,,,,,,
1252,2015-05-06 20:55:08.003000000,,,,0000000000000008,,,,,,,.00000000000000,,,,,1D1C0001BAE8A2FB,0000000000000000,,,,,,,,,,,,,,,,,,,,,,,,,,,,,,,,,,,,,,,,,,,,,,,,,,,,,,,,,,
1253,2015-05-06 20:55:13.013000000,,,,0000000000000008,,,,,,,.00000000000000,,,,,1D1C0001254992C6,0000000000000000,,,,,,,,,,,,,,,,,,,,,,,,,,,,,,,,,,,,,,,,,,,,,,,,,,,,,,,,,,
1254,2015-05-06 20:55:18.027000000,,,,0000000000000008,,,,,,,.00073837658537,,,,,1D1C0001254992C6,0000000000000000,,,,,,,,,,,,,,,,,,,,,,,,,,,,,,,,,,,,,,,,,,,,,,,,,,,,,,,,,,
1255,2015-05-06 20:55:23.040000000,,,,0000000000000008,,,,,,,.00000000000000,,,,,0403000165040000,0000000000000000,,,,,,,,,,,,,,,,,,,,,,,,,,,,,,,,,,,,,,,,,,,,,,,,,,,,,,,,,,
1256,2015-05-06 20:55:28.057000000,,,,0000000000000008,,,,,,,.00000000000000,,,,,1D1C0001319DC5B4,0000000000000000,,,,,,,,,,,,,,,,,,,,,,,,,,,,,,,,,,,,,,,,,,,,,,,,,,,,,,,,,,
1257,2015-05-06 20:55:33.063000000,,,,0000000000000008,,,,,,,.00065104166667,,,,,1D1C00012FBAE832,0000000000000000,,,,,,,,,,,,,,,,,,,,,,,,,,,,,,,,,,,,,,,,,,,,,,,,,,,,,,,,,,
1258,2015-05-06 20:55:38.073000000,,,,0000000000000008,,,,,,,.00000000000000,,,,,1D1C0001ABAAAA92,0000000000000000,,,,,,,,,,,,,,,,,,,,,,,,,,,,,,,,,,,,,,,,,,,,,,,,,,,,,,,,,,
1259,2015-05-06 20:55:43.077000000,,,,,,,,,,,,,,,,,,,,,,,,,,,,,,,,,,,,,,,,,,,,,,,,,,,,,,,,,,,,,,,,,,,,,,,,,,,
1260,2015-05-06 20:55:48.140000000,,,,0000000000000008,,,,,,,.00000000000000,,,,,0000000000000001,0000000000000000,,,,,,,,,,,,,,,,,,,,,,,,,,,,,,,,,,,,,,,,,,,,,,,,,,,,,,,,,,
1261,2015-05-06 20:55:53.090000000,,,,0000000000000008,,,,,,,.00000000000000,,,,,1D1C00016F659FD3,0000000000000000,,,,,,,,,,,,,,,,,,,,,,,,,,,,,,,,,,,,,,,,,,,,,,,,,,,,,,,,,,
1262,2015-05-06 20:55:58.100000000,,,,0000000000000008,,,,,,,.00000000000000,,,,,1D1C0001A38B2E6A,0000000000000000,,,,,,,,,,,,,,,,,,,,,,,,,,,,,,,,,,,,,,,,,,,,,,,,,,,,,,,,,,
1263,2015-05-06 20:56:03.143000000,,,,0000000000000008,,,,,,,.00000000000000,,,,,1D1C0001BAE8A2FB,0000000000000000,,,,,,,,,,,,,,,,,,,,,,,,,,,,,,,,,,,,,,,,,,,,,,,,,,,,,,,,,,
1264,2015-05-06 20:56:08.107000000,,,,0000000000000008,,,,,,,.00069418301205,,,,,1D1C0001922449FC,0000000000000000,,,,,,,,,,,,,,,,,,,,,,,,,,,,,,,,,,,,,,,,,,,,,,,,,,,,,,,,,,
1265,2015-05-06 20:56:13.130000000,,,,0000000000000008,,,,,,,.00000000000000,,,,,0403000165040000,0000000000000000,,,,,,,,,,,,,,,,,,,,,,,,,,,,,,,,,,,,,,,,,,,,,,,,,,,,,,,,,,
1266,2015-05-06 20:56:18.150000000,,,,0000000000000008,,,,,,,.00159584597561,,,,,1D1C0001254992C6,0000000000000000,,,,,,,,,,,,,,,,,,,,,,,,,,,,,,,,,,,,,,,,,,,,,,,,,,,,,,,,,,
1267,2015-05-06 20:57:30.923000000,,,,,,,,,,,,,,,,,,,,,,,,,,,,,,,,,,,,,,,,,,,,,,,,,,,,,,,,,,,,,,,,,,,,,,,,,,,
1268,2015-05-06 20:57:35.923000000,,,,0000000000000008,,,,,,,.00000000000000,,,,,0000000000000001,0000000000000000,,,,,,,,,,,,,,,,,,,,,,,,,,,,,,,,,,,,,,,,,,,,,,,,,,,,,,,,,,
1269,2015-05-06 20:57:40.940000000,,,,0000000000000008,,,,,,,.00102664256410,,,,,1D1C0001D15E42DB,0000000000000000,,,,,,,,,,,,,,,,,,,,,,,,,,,,,,,,,,,,,,,,,,,,,,,,,,,,,,,,,,
1270,2015-05-06 21:02:32.443000000,,,,0000000000000008,,,,,,,.00000000000000,,,,,1D1C0001C54EECD0,0000000000000000,,,,,,,,,,,,,,,,,,,,,,,,,,,,,,,,,,,,,,,,,,,,,,,,,,,,,,,,,,
1271,2015-05-06 21:02:37.433000000,,,,0000000000000008,,,,,,,.00088011185185,,,,,1D1C00014C682FA1,0000000000000000,,,,,,,,,,,,,,,,,,,,,,,,,,,,,,,,,,,,,,,,,,,,,,,,,,,,,,,,,,
1272,2015-05-06 21:02:42.423000000,,,,0000000000000008,,,,,,,.00000000000000,,,,,1D1C0001254992C6,0000000000000000,,,,,,,,,,,,,,,,,,,,,,,,,,,,,,,,,,,,,,,,,,,,,,,,,,,,,,,,,,
1273,2015-05-06 21:02:47.433000000,,,,0000000000000008,,,,,,,.00000000000000,,,,,1D1C0001B76DDB6E,0000000000000000,,,,,,,,,,,,,,,,,,,,,,,,,,,,,,,,,,,,,,,,,,,,,,,,,,,,,,,,,,
1274,2015-05-06 21:02:52.430000000,,,,0000000000000008,,,,,,,.00000000000000,,,,,1D1C00018C2EBAA8,0000000000000000,,,,,,,,,,,,,,,,,,,,,,,,,,,,,,,,,,,,,,,,,,,,,,,,,,,,,,,,,,
1275,2015-05-06 21:02:57.447000000,,,,0000000000000008,,,,,,,.00000000000000,,,,,1D1C0001922449DA,0000000000000000,,,,,,,,,,,,,,,,,,,,,,,,,,,,,,,,,,,,,,,,,,,,,,,,,,,,,,,,,,
1276,2015-05-06 21:03:02.457000000,,,,0000000000000008,,,,,,,.00081983024691,,,,,1D1C000174D14517,0000000000000000,,,,,,,,,,,,,,,,,,,,,,,,,,,,,,,,,,,,,,,,,,,,,,,,,,,,,,,,,,
1277,2015-05-06 21:03:07.463000000,,,,0000000000000008,,,,,,,.00080983231707,,,,,1D1C0001B8B2CF71,0000000000000000,,,,,,,,,,,,,,,,,,,,,,,,,,,,,,,,,,,,,,,,,,,,,,,,,,,,,,,,,,
1278,2015-05-06 21:03:12.470000000,,,,0000000000000008,,,,,,,.00000000000000,,,,,1D1C0001ABAAAA92,0000000000000000,,,,,,,,,,,,,,,,,,,,,,,,,,,,,,,,,,,,,,,,,,,,,,,,,,,,,,,,,,
1279,2015-05-06 21:03:17.483000000,,,,0000000000000008,,,,,,,.00000000000000,,,,,1D1C0001499224F5,0000000000000000,,,,,,,,,,,,,,,,,,,,,,,,,,,,,,,,,,,,,,,,,,,,,,,,,,,,,,,,,,
1280,2015-05-06 21:03:22.477000000,,,,0000000000000008,,,,,,,.00000000000000,,,,,1D1C00016EDBB689,0000000000000000,,,,,,,,,,,,,,,,,,,,,,,,,,,,,,,,,,,,,,,,,,,,,,,,,,,,,,,,,,
1281,2015-05-06 21:03:27.493000000,,,,0000000000000008,,,,,,,.00000000000000,,,,,1D1C0001175D7471,0000000000000000,,,,,,,,,,,,,,,,,,,,,,,,,,,,,,,,,,,,,,,,,,,,,,,,,,,,,,,,,,
1282,2015-05-06 21:03:32.500000000,,,,0000000000000008,,,,,,,.00000000000000,,,,,1D1C000185F6124A,0000000000000000,,,,,,,,,,,,,,,,,,,,,,,,,,,,,,,,,,,,,,,,,,,,,,,,,,,,,,,,,,
1283,2015-05-06 21:03:37.510000000,,,,0000000000000008,,,,,,,.00000000000000,,,,,1D1C0001DBB66DBF,0000000000000000,,,,,,,,,,,,,,,,,,,,,,,,,,,,,,,,,,,,,,,,,,,,,,,,,,,,,,,,,,
1284,2015-05-06 21:03:42.517000000,,,,0000000000000008,,,,,,,.00000000000000,,,,,1D1C00012FBAE832,0000000000000000,,,,,,,,,,,,,,,,,,,,,,,,,,,,,,,,,,,,,,,,,,,,,,,,,,,,,,,,,,
1285,2015-05-06 21:03:47.523000000,,,,0000000000000008,,,,,,,.00065516215190,,,,,1D1C00016F659FD3,0000000000000000,,,,,,,,,,,,,,,,,,,,,,,,,,,,,,,,,,,,,,,,,,,,,,,,,,,,,,,,,,
1286,2015-05-06 21:03:52.533000000,,,,0000000000000008,,,,,,,.00077861067568,,,,,1D1C00013BB11393,0000000000000000,,,,,,,,,,,,,,,,,,,,,,,,,,,,,,,,,,,,,,,,,,,,,,,,,,,,,,,,,,
1287,2015-05-06 21:03:57.540000000,,,,0000000000000008,,,,,,,.00073242184211,,,,,1D1C0001E9A28B4E,0000000000000000,,,,,,,,,,,,,,,,,,,,,,,,,,,,,,,,,,,,,,,,,,,,,,,,,,,,,,,,,,
1288,2015-05-06 21:04:02.553000000,,,,0000000000000008,,,,,,,.00000000000000,,,,,1C1B0001FBFAFA0A,0000000000000000,,,,,,,,,,,,,,,,,,,,,,,,,,,,,,,,,,,,,,,,,,,,,,,,,,,,,,,,,,
1289,2015-05-06 21:04:07.553000000,,,,0000000000000008,,,,,,,.00000000000000,,,,,1D1C00014FECC452,0000000000000000,,,,,,,,,,,,,,,,,,,,,,,,,,,,,,,,,,,,,,,,,,,,,,,,,,,,,,,,,,
1290,2015-05-06 21:04:12.577000000,,,,0000000000000008,,,,,,,.00075120192308,,,,,030200017A000000,0000000000000000,,,,,,,,,,,,,,,,,,,,,,,,,,,,,,,,,,,,,,,,,,,,,,,,,,,,,,,,,,
1291,2015-05-06 21:04:17.577000000,,,,0000000000000008,,,,,,,.33081981772152,,,,,1D1B000198D05EDE,0000000000000000,,,,,,,,,,,,,,,,,,,,,,,,,,,,,,,,,,,,,,,,,,,,,,,,,,,,,,,,,,
1292,2015-05-06 21:04:22.577000000,,,,0000000000000008,,,,,,,.77050286455696,,,,,1D1B000174D145C7,0000000000000000,,,,,,,,,,,,,,,,,,,,,,,,,,,,,,,,,,,,,,,,,,,,,,,,,,,,,,,,,,
1293,2015-05-06 21:04:27.593000000,,,,0000000000000008,,,,,,,.12842909443038,,,,,1D1B000155555515,0000000000000000,,,,,,,,,,,,,,,,,,,,,,,,,,,,,,,,,,,,,,,,,,,,,,,,,,,,,,,,,,
1294,2015-05-06 21:04:32.593000000,,,,0000000000000008,,,,,,,.00000000000000,,,,,1D1C000126B49758,0000000000000000,,,,,,,,,,,,,,,,,,,,,,,,,,,,,,,,,,,,,,,,,,,,,,,,,,,,,,,,,,
1295,2015-05-06 21:04:37.600000000,,,,0000000000000008,,,,,,,.00000000000000,,,,,1D1C00014C682FA1,0000000000000000,,,,,,,,,,,,,,,,,,,,,,,,,,,,,,,,,,,,,,,,,,,,,,,,,,,,,,,,,,
1296,2015-05-06 21:04:42.610000000,,,,0000000000000008,,,,,,,.00143393987342,,,,,1D1C00011D5213EC,0000000000000000,,,,,,,,,,,,,,,,,,,,,,,,,,,,,,,,,,,,,,,,,,,,,,,,,,,,,,,,,,
1297,2015-05-06 21:04:47.613000000,,,,0000000000000008,,,,,,,.00072238876712,,,,,1D1C0001D9899DD4,0000000000000000,,,,,,,,,,,,,,,,,,,,,,,,,,,,,,,,,,,,,,,,,,,,,,,,,,,,,,,,,,
1298,2015-05-06 21:04:52.623000000,,,,0000000000000008,,,,,,,.00082031253333,,,,,1D1C0001C4C3C3E3,0000000000000000,,,,,,,,,,,,,,,,,,,,,,,,,,,,,,,,,,,,,,,,,,,,,,,,,,,,,,,,,,
1299,2015-05-06 21:04:57.633000000,,,,0000000000000008,,,,,,,.00000000000000,,,,,1D1C00014FECC452,0000000000000000,,,,,,,,,,,,,,,,,,,,,,,,,,,,,,,,,,,,,,,,,,,,,,,,,,,,,,,,,,
1300,2015-05-06 21:05:02.643000000,,,,0000000000000008,,,,,,,.00000000000000,,,,,1D1C000127186F35,0000000000000000,,,,,,,,,,,,,,,,,,,,,,,,,,,,,,,,,,,,,,,,,,,,,,,,,,,,,,,,,,
1301,2015-05-06 21:05:07.653000000,,,,0000000000000008,,,,,,,.00000000000000,,,,,1D1C00019ED88995,0000000000000000,,,,,,,,,,,,,,,,,,,,,,,,,,,,,,,,,,,,,,,,,,,,,,,,,,,,,,,,,,
1302,2015-05-06 21:05:12.660000000,,,,0000000000000008,,,,,,,.00077364038961,,,,,1D1C0001C1782BBB,0000000000000000,,,,,,,,,,,,,,,,,,,,,,,,,,,,,,,,,,,,,,,,,,,,,,,,,,,,,,,,,,
1303,2015-05-06 21:05:17.673000000,,,,0000000000000008,,,,,,,.00000000000000,,,,,1D1C0001DBB66DE1,0000000000000000,,,,,,,,,,,,,,,,,,,,,,,,,,,,,,,,,,,,,,,,,,,,,,,,,,,,,,,,,,
1304,2015-05-06 21:05:22.680000000,,,,0000000000000008,,,,,,,.00000000000000,,,,,020100010D000000,0000000000000000,,,,,,,,,,,,,,,,,,,,,,,,,,,,,,,,,,,,,,,,,,,,,,,,,,,,,,,,,,
1305,2015-05-06 21:05:27.670000000,,,,0000000000000008,,,,,,,.30511410263158,,,,,1D1B000162277662,0000000000000000,,,,,,,,,,,,,,,,,,,,,,,,,,,,,,,,,,,,,,,,,,,,,,,,,,,,,,,,,,
1306,2015-05-06 21:05:32.697000000,,,,0000000000000008,,,,,,,.80000000000000,,,,,0000000000000050,0000000000000000,,,,,,,,,,,,,,,,,,,,,,,,,,,,,,,,,,,,,,,,,,,,,,,,,,,,,,,,,,
1307,2015-05-06 21:05:37.700000000,,,,0000000000000008,,,,,,,.80000000000000,,,,,0000000000000050,0000000000000000,,,,,,,,,,,,,,,,,,,,,,,,,,,,,,,,,,,,,,,,,,,,,,,,,,,,,,,,,,
1308,2015-05-06 21:05:42.707000000,,,,0000000000000008,,,,,,,.77775720389610,,,,,1D1B00010AC65B11,0000000000000000,,,,,,,,,,,,,,,,,,,,,,,,,,,,,,,,,,,,,,,,,,,,,,,,,,,,,,,,,,
1309,2015-05-06 21:05:47.707000000,,,,0000000000000008,,,,,,,.01224557894737,,,,,1D1C00012FA1BDDC,0000000000000000,,,,,,,,,,,,,,,,,,,,,,,,,,,,,,,,,,,,,,,,,,,,,,,,,,,,,,,,,,
1310,2015-05-06 21:05:52.723000000,,,,0000000000000008,,,,,,,.00000000000000,,,,,0403000165040000,0000000000000000,,,,,,,,,,,,,,,,,,,,,,,,,,,,,,,,,,,,,,,,,,,,,,,,,,,,,,,,,,
1311,2015-05-06 21:05:57.723000000,,,,0000000000000008,,,,,,,.00000000000000,,,,,1D1C0001792BFB1C,0000000000000000,,,,,,,,,,,,,,,,,,,,,,,,,,,,,,,,,,,,,,,,,,,,,,,,,,,,,,,,,,
1312,2015-05-06 21:06:02.730000000,,,,0000000000000008,,,,,,,.00000000000000,,,,,1D1C000174D14517,0000000000000000,,,,,,,,,,,,,,,,,,,,,,,,,,,,,,,,,,,,,,,,,,,,,,,,,,,,,,,,,,
1313,2015-05-06 21:06:07.733000000,,,,0000000000000008,,,,,,,.00000000000000,,,,,1D1C0001792BFB1C,0000000000000000,,,,,,,,,,,,,,,,,,,,,,,,,,,,,,,,,,,,,,,,,,,,,,,,,,,,,,,,,,
1314,2015-05-06 21:06:12.747000000,,,,0000000000000008,,,,,,,.00000000000000,,,,,1D1C0001D15E42DB,0000000000000000,,,,,,,,,,,,,,,,,,,,,,,,,,,,,,,,,,,,,,,,,,,,,,,,,,,,,,,,,,
1315,2015-05-06 21:06:17.770000000,,,,0000000000000008,,,,,,,.00000000000000,,,,,0302000174000000,0000000000000000,,,,,,,,,,,,,,,,,,,,,,,,,,,,,,,,,,,,,,,,,,,,,,,,,,,,,,,,,,
1316,2015-05-06 21:06:22.763000000,,,,0000000000000008,,,,,,,.00000000000000,,,,,1D1C0001ABAAAAA3,0000000000000000,,,,,,,,,,,,,,,,,,,,,,,,,,,,,,,,,,,,,,,,,,,,,,,,,,,,,,,,,,
1317,2015-05-06 21:06:27.770000000,,,,0000000000000008,,,,,,,.00000000000000,,,,,1D1C000127186F35,0000000000000000,,,,,,,,,,,,,,,,,,,,,,,,,,,,,,,,,,,,,,,,,,,,,,,,,,,,,,,,,,
1318,2015-05-06 21:06:32.777000000,,,,0000000000000008,,,,,,,.00000000000000,,,,,1D1C0001ECC44E94,0000000000000000,,,,,,,,,,,,,,,,,,,,,,,,,,,,,,,,,,,,,,,,,,,,,,,,,,,,,,,,,,
1319,2015-05-06 21:06:37.783000000,,,,0000000000000008,,,,,,,.00000000000000,,,,,1D1C0001050505D5,0000000000000000,,,,,,,,,,,,,,,,,,,,,,,,,,,,,,,,,,,,,,,,,,,,,,,,,,,,,,,,,,
1320,2015-05-06 21:06:42.793000000,,,,0000000000000008,,,,,,,.00000000000000,,,,,1D1C00010A0A0A9A,0000000000000000,,,,,,,,,,,,,,,,,,,,,,,,,,,,,,,,,,,,,,,,,,,,,,,,,,,,,,,,,,
1321,2015-05-06 21:06:47.800000000,,,,0000000000000008,,,,,,,.00000000000000,,,,,1D1C0001D15E42DB,0000000000000000,,,,,,,,,,,,,,,,,,,,,,,,,,,,,,,,,,,,,,,,,,,,,,,,,,,,,,,,,,
1322,2015-05-06 21:06:52.807000000,,,,0000000000000008,,,,,,,.00000000000000,,,,,1D1C000174D14517,0000000000000000,,,,,,,,,,,,,,,,,,,,,,,,,,,,,,,,,,,,,,,,,,,,,,,,,,,,,,,,,,
1323,2015-05-06 21:06:57.813000000,,,,0000000000000008,,,,,,,.00000000000000,,,,,1D1C0001766227D2,0000000000000000,,,,,,,,,,,,,,,,,,,,,,,,,,,,,,,,,,,,,,,,,,,,,,,,,,,,,,,,,,
1324,2015-05-06 21:07:02.820000000,,,,0000000000000008,,,,,,,.00000000000000,,,,,1D1C0001138CB7A2,0000000000000000,,,,,,,,,,,,,,,,,,,,,,,,,,,,,,,,,,,,,,,,,,,,,,,,,,,,,,,,,,
1325,2015-05-06 21:07:07.830000000,,,,0000000000000008,,,,,,,.00075120192308,,,,,1D1C0001CB3E8704,0000000000000000,,,,,,,,,,,,,,,,,,,,,,,,,,,,,,,,,,,,,,,,,,,,,,,,,,,,,,,,,,
1326,2015-05-06 21:07:12.837000000,,,,0000000000000008,,,,,,,.00000000000000,,,,,1D1C0001CB3E8704,0000000000000000,,,,,,,,,,,,,,,,,,,,,,,,,,,,,,,,,,,,,,,,,,,,,,,,,,,,,,,,,,
1327,2015-05-06 21:07:17.847000000,,,,0000000000000008,,,,,,,.00077364038961,,,,,1D1C0001ED25B4AF,0000000000000000,,,,,,,,,,,,,,,,,,,,,,,,,,,,,,,,,,,,,,,,,,,,,,,,,,,,,,,,,,
1328,2015-05-06 21:07:22.850000000,,,,0000000000000008,,,,,,,.00069563356164,,,,,0302000172000000,0000000000000000,,,,,,,,,,,,,,,,,,,,,,,,,,,,,,,,,,,,,,,,,,,,,,,,,,,,,,,,,,
1329,2015-05-06 21:07:27.850000000,,,,0000000000000008,,,,,,,.00000000000000,,,,,1D1C0001D14517BD,0000000000000000,,,,,,,,,,,,,,,,,,,,,,,,,,,,,,,,,,,,,,,,,,,,,,,,,,,,,,,,,,
1330,2015-05-06 21:07:32.867000000,,,,0000000000000008,,,,,,,.00000000000000,,,,,1D1C0001ECC44E50,0000000000000000,,,,,,,,,,,,,,,,,,,,,,,,,,,,,,,,,,,,,,,,,,,,,,,,,,,,,,,,,,
1331,2015-05-06 21:07:37.877000000,,,,0000000000000008,,,,,,,.00072933151899,,,,,1D1C0001DBB66DBF,0000000000000000,,,,,,,,,,,,,,,,,,,,,,,,,,,,,,,,,,,,,,,,,,,,,,,,,,,,,,,,,,
1332,2015-05-06 21:07:42.887000000,,,,0000000000000008,,,,,,,.00071696987342,,,,,1D1C0001BAE8A2FB,0000000000000000,,,,,,,,,,,,,,,,,,,,,,,,,,,,,,,,,,,,,,,,,,,,,,,,,,,,,,,,,,
1333,2015-05-06 21:07:47.897000000,,,,0000000000000008,,,,,,,.00000000000000,,,,,1D1C000141414101,0000000000000000,,,,,,,,,,,,,,,,,,,,,,,,,,,,,,,,,,,,,,,,,,,,,,,,,,,,,,,,,,
1334,2015-05-06 21:07:52.907000000,,,,0000000000000008,,,,,,,.00069010413333,,,,,1D1C0001277662D3,0000000000000000,,,,,,,,,,,,,,,,,,,,,,,,,,,,,,,,,,,,,,,,,,,,,,,,,,,,,,,,,,
1335,2015-05-06 21:07:57.913000000,,,,0000000000000008,,,,,,,.00000000000000,,,,,1D1C000149922439,0000000000000000,,,,,,,,,,,,,,,,,,,,,,,,,,,,,,,,,,,,,,,,,,,,,,,,,,,,,,,,,,
1336,2015-05-06 21:08:02.930000000,,,,0000000000000008,,,,,,,.00072933151899,,,,,1C1B00015E4EC193,0000000000000000,,,,,,,,,,,,,,,,,,,,,,,,,,,,,,,,,,,,,,,,,,,,,,,,,,,,,,,,,,
1337,2015-05-06 21:08:07.927000000,,,,0000000000000008,,,,,,,.00078632311688,,,,,1D1C0001138CB7A2,0000000000000000,,,,,,,,,,,,,,,,,,,,,,,,,,,,,,,,,,,,,,,,,,,,,,,,,,,,,,,,,,
1338,2015-05-06 21:08:12.937000000,,,,0000000000000008,,,,,,,.00000000000000,,,,,1D1C0001ABAAAA92,0000000000000000,,,,,,,,,,,,,,,,,,,,,,,,,,,,,,,,,,,,,,,,,,,,,,,,,,,,,,,,,,
1339,2015-05-06 21:08:17.950000000,,,,0000000000000008,,,,,,,.62755859375000,,,,,1D1B000152138C17,0000000000000000,,,,,,,,,,,,,,,,,,,,,,,,,,,,,,,,,,,,,,,,,,,,,,,,,,,,,,,,,,
1340,2015-05-06 21:08:22.950000000,,,,0000000000000008,,,,,,,.80000000000000,,,,,0000000000000050,0000000000000000,,,,,,,,,,,,,,,,,,,,,,,,,,,,,,,,,,,,,,,,,,,,,,,,,,,,,,,,,,
1341,2015-05-06 21:08:27.967000000,,,,0000000000000008,,,,,,,.79507568250000,,,,,04020001101F0000,0000000000000000,,,,,,,,,,,,,,,,,,,,,,,,,,,,,,,,,,,,,,,,,,,,,,,,,,,,,,,,,,
1342,2015-05-06 21:08:32.967000000,,,,0000000000000008,,,,,,,.00000000000000,,,,,1D1C000127186F35,0000000000000000,,,,,,,,,,,,,,,,,,,,,,,,,,,,,,,,,,,,,,,,,,,,,,,,,,,,,,,,,,
1343,2015-05-06 21:08:37.973000000,,,,0000000000000008,,,,,,,.00071364179487,,,,,1D1C0001277662D3,0000000000000000,,,,,,,,,,,,,,,,,,,,,,,,,,,,,,,,,,,,,,,,,,,,,,,,,,,,,,,,,,
1344,2015-05-06 21:08:42.967000000,,,,0000000000000008,,,,,,,.00075812092105,,,,,1D1C00013BB11393,0000000000000000,,,,,,,,,,,,,,,,,,,,,,,,,,,,,,,,,,,,,,,,,,,,,,,,,,,,,,,,,,
1345,2015-05-06 21:08:47.987000000,,,,0000000000000008,,,,,,,.00000000000000,,,,,1D1C0001C54EECD0,0000000000000000,,,,,,,,,,,,,,,,,,,,,,,,,,,,,,,,,,,,,,,,,,,,,,,,,,,,,,,,,,
1346,2015-05-06 21:08:52.980000000,,,,0000000000000008,,,,,,,.00000000000000,,,,,1D1C0001B451DF39,0000000000000000,,,,,,,,,,,,,,,,,,,,,,,,,,,,,,,,,,,,,,,,,,,,,,,,,,,,,,,,,,
1347,2015-05-06 21:08:58.003000000,,,,0000000000000008,,,,,,,.00000000000000,,,,,1D1C000109ED2584,0000000000000000,,,,,,,,,,,,,,,,,,,,,,,,,,,,,,,,,,,,,,,,,,,,,,,,,,,,,,,,,,
1348,2015-05-06 21:09:03.010000000,,,,0000000000000008,,,,,,,.00140777194805,,,,,1D1C000182F15666,0000000000000000,,,,,,,,,,,,,,,,,,,,,,,,,,,,,,,,,,,,,,,,,,,,,,,,,,,,,,,,,,
1349,2015-05-06 21:09:08.020000000,,,,0000000000000008,,,,,,,.00000000000000,,,,,1D1C0001792BFB1C,0000000000000000,,,,,,,,,,,,,,,,,,,,,,,,,,,,,,,,,,,,,,,,,,,,,,,,,,,,,,,,,,
1350,2015-05-06 21:09:13.027000000,,,,0000000000000008,,,,,,,.00000000000000,,,,,1D1C0001E9A28B4E,0000000000000000,,,,,,,,,,,,,,,,,,,,,,,,,,,,,,,,,,,,,,,,,,,,,,,,,,,,,,,,,,
1351,2015-05-06 21:09:18.033000000,,,,0000000000000008,,,,,,,.00069224683544,,,,,1D1C00018A9DD891,0000000000000000,,,,,,,,,,,,,,,,,,,,,,,,,,,,,,,,,,,,,,,,,,,,,,,,,,,,,,,,,,
1352,2015-05-06 21:09:23.040000000,,,,0000000000000008,,,,,,,.00000000000000,,,,,1D1C000174D14517,0000000000000000,,,,,,,,,,,,,,,,,,,,,,,,,,,,,,,,,,,,,,,,,,,,,,,,,,,,,,,,,,
1353,2015-05-06 21:09:28.050000000,,,,0000000000000008,,,,,,,.00073576630137,,,,,1D1C0001792BFB1C,0000000000000000,,,,,,,,,,,,,,,,,,,,,,,,,,,,,,,,,,,,,,,,,,,,,,,,,,,,,,,,,,
1354,2015-05-06 21:09:33.057000000,,,,0000000000000008,,,,,,,.00000000000000,,,,,020100010E000000,0000000000000000,,,,,,,,,,,,,,,,,,,,,,,,,,,,,,,,,,,,,,,,,,,,,,,,,,,,,,,,,,
1355,2015-05-06 21:09:38.063000000,,,,0000000000000008,,,,,,,.00000000000000,,,,,1D1C0001E9A28B4E,0000000000000000,,,,,,,,,,,,,,,,,,,,,,,,,,,,,,,,,,,,,,,,,,,,,,,,,,,,,,,,,,
1356,2015-05-06 21:09:43.073000000,,,,0000000000000008,,,,,,,.00000000000000,,,,,1D1C00018D8C8C7C,0000000000000000,,,,,,,,,,,,,,,,,,,,,,,,,,,,,,,,,,,,,,,,,,,,,,,,,,,,,,,,,,
1357,2015-05-06 21:09:48.090000000,,,,0000000000000008,,,,,,,.00133056637500,,,,,1D1C0001D15E42DB,0000000000000000,,,,,,,,,,,,,,,,,,,,,,,,,,,,,,,,,,,,,,,,,,,,,,,,,,,,,,,,,,
1358,2015-05-06 21:09:53.087000000,,,,0000000000000008,,,,,,,.00000000000000,,,,,1D1C0001C9C8C8A8,0000000000000000,,,,,,,,,,,,,,,,,,,,,,,,,,,,,,,,,,,,,,,,,,,,,,,,,,,,,,,,,,
1359,2015-05-06 21:09:58.093000000,,,,0000000000000008,,,,,,,.00064697262500,,,,,1D1C00013BB11393,0000000000000000,,,,,,,,,,,,,,,,,,,,,,,,,,,,,,,,,,,,,,,,,,,,,,,,,,,,,,,,,,
1360,2015-05-06 21:10:03.103000000,,,,0000000000000008,,,,,,,.00000000000000,,,,,1D1C0001ABAAAA92,0000000000000000,,,,,,,,,,,,,,,,,,,,,,,,,,,,,,,,,,,,,,,,,,,,,,,,,,,,,,,,,,
1361,2015-05-06 21:10:08.110000000,,,,0000000000000008,,,,,,,.00077624205128,,,,,1D1C0001138CB7A2,0000000000000000,,,,,,,,,,,,,,,,,,,,,,,,,,,,,,,,,,,,,,,,,,,,,,,,,,,,,,,,,,
1362,2015-05-06 21:10:13.120000000,,,,0000000000000008,,,,,,,.00000000000000,,,,,1D1C00013BB11393,0000000000000000,,,,,,,,,,,,,,,,,,,,,,,,,,,,,,,,,,,,,,,,,,,,,,,,,,,,,,,,,,
1363,2015-05-06 21:10:18.127000000,,,,0000000000000008,,,,,,,.00000000000000,,,,,1D1C00010A0A0A9A,0000000000000000,,,,,,,,,,,,,,,,,,,,,,,,,,,,,,,,,,,,,,,,,,,,,,,,,,,,,,,,,,
1364,2015-05-06 21:10:23.133000000,,,,0000000000000008,,,,,,,.00076372192308,,,,,1D1C0001277662D3,0000000000000000,,,,,,,,,,,,,,,,,,,,,,,,,,,,,,,,,,,,,,,,,,,,,,,,,,,,,,,,,,
1365,2015-05-06 21:10:28.140000000,,,,0000000000000008,,,,,,,.00000000000000,,,,,1D1C00019ED88951,0000000000000000,,,,,,,,,,,,,,,,,,,,,,,,,,,,,,,,,,,,,,,,,,,,,,,,,,,,,,,,,,
1366,2015-05-06 21:10:33.150000000,,,,0000000000000008,,,,,,,.00000000000000,,,,,1D1C0001792BFB1C,0000000000000000,,,,,,,,,,,,,,,,,,,,,,,,,,,,,,,,,,,,,,,,,,,,,,,,,,,,,,,,,,
1367,2015-05-06 21:10:38.157000000,,,,0000000000000008,,,,,,,.00000000000000,,,,,1D1C0001C1782BBB,0000000000000000,,,,,,,,,,,,,,,,,,,,,,,,,,,,,,,,,,,,,,,,,,,,,,,,,,,,,,,,,,
1368,2015-05-06 21:10:43.163000000,,,,0000000000000008,,,,,,,.00000000000000,,,,,1D1C0001F712DA23,0000000000000000,,,,,,,,,,,,,,,,,,,,,,,,,,,,,,,,,,,,,,,,,,,,,,,,,,,,,,,,,,
1369,2015-05-06 21:10:48.170000000,,,,0000000000000008,,,,,,,.00000000000000,,,,,1D1C00011D5213EC,0000000000000000,,,,,,,,,,,,,,,,,,,,,,,,,,,,,,,,,,,,,,,,,,,,,,,,,,,,,,,,,,
1370,2015-05-06 21:10:53.180000000,,,,0000000000000008,,,,,,,.00000000000000,,,,,1D1C00011D5213EC,0000000000000000,,,,,,,,,,,,,,,,,,,,,,,,,,,,,,,,,,,,,,,,,,,,,,,,,,,,,,,,,,
1371,2015-05-06 21:10:58.187000000,,,,0000000000000008,,,,,,,.00069224683544,,,,,1D1C000146175DC4,0000000000000000,,,,,,,,,,,,,,,,,,,,,,,,,,,,,,,,,,,,,,,,,,,,,,,,,,,,,,,,,,
1372,2015-05-06 21:11:03.193000000,,,,0000000000000008,,,,,,,.00000000000000,,,,,1D1C000197969606,0000000000000000,,,,,,,,,,,,,,,,,,,,,,,,,,,,,,,,,,,,,,,,,,,,,,,,,,,,,,,,,,
1373,2015-05-06 21:11:08.200000000,,,,0000000000000008,,,,,,,.00000000000000,,,,,030200017A000000,0000000000000000,,,,,,,,,,,,,,,,,,,,,,,,,,,,,,,,,,,,,,,,,,,,,,,,,,,,,,,,,,
1374,2015-05-06 21:11:13.210000000,,,,0000000000000008,,,,,,,.00073559246753,,,,,1D1C0001254992C6,0000000000000000,,,,,,,,,,,,,,,,,,,,,,,,,,,,,,,,,,,,,,,,,,,,,,,,,,,,,,,,,,
1375,2015-05-06 21:11:18.223000000,,,,0000000000000008,,,,,,,.00076904300000,,,,,1D1C0001D504E34D,0000000000000000,,,,,,,,,,,,,,,,,,,,,,,,,,,,,,,,,,,,,,,,,,,,,,,,,,,,,,,,,,
1376,2015-05-06 21:11:23.223000000,,,,0000000000000008,,,,,,,.00000000000000,,,,,1D1C0001C54EEC14,0000000000000000,,,,,,,,,,,,,,,,,,,,,,,,,,,,,,,,,,,,,,,,,,,,,,,,,,,,,,,,,,
1377,2015-05-06 21:11:28.230000000,,,,0000000000000008,,,,,,,.00069224683544,,,,,1D1C0001659F438A,0000000000000000,,,,,,,,,,,,,,,,,,,,,,,,,,,,,,,,,,,,,,,,,,,,,,,,,,,,,,,,,,
1378,2015-05-06 21:11:33.240000000,,,,0000000000000008,,,,,,,.00000000000000,,,,,1D1C0001ABAAAA92,0000000000000000,,,,,,,,,,,,,,,,,,,,,,,,,,,,,,,,,,,,,,,,,,,,,,,,,,,,,,,,,,
1379,2015-05-06 21:11:38.247000000,,,,0000000000000008,,,,,,,.00000000000000,,,,,1D1C0001C1782BBB,0000000000000000,,,,,,,,,,,,,,,,,,,,,,,,,,,,,,,,,,,,,,,,,,,,,,,,,,,,,,,,,,
1380,2015-05-06 21:11:43.240000000,,,,0000000000000008,,,,,,,.00000000000000,,,,,1D1C000146175DC4,0000000000000000,,,,,,,,,,,,,,,,,,,,,,,,,,,,,,,,,,,,,,,,,,,,,,,,,,,,,,,,,,
1381,2015-05-06 21:11:48.247000000,,,,0000000000000008,,,,,,,.00000000000000,,,,,1D1C0001B1133B11,0000000000000000,,,,,,,,,,,,,,,,,,,,,,,,,,,,,,,,,,,,,,,,,,,,,,,,,,,,,,,,,,
1382,2015-05-06 21:11:53.267000000,,,,0000000000000008,,,,,,,.00000000000000,,,,,1D1C000162277612,0000000000000000,,,,,,,,,,,,,,,,,,,,,,,,,,,,,,,,,,,,,,,,,,,,,,,,,,,,,,,,,,
1383,2015-05-06 21:11:58.257000000,,,,0000000000000008,,,,,,,.00000000000000,,,,,1D1C00019ED88951,0000000000000000,,,,,,,,,,,,,,,,,,,,,,,,,,,,,,,,,,,,,,,,,,,,,,,,,,,,,,,,,,
1384,2015-05-06 21:12:03.280000000,,,,0000000000000008,,,,,,,.00073242184211,,,,,1D1C000185F6124A,0000000000000000,,,,,,,,,,,,,,,,,,,,,,,,,,,,,,,,,,,,,,,,,,,,,,,,,,,,,,,,,,
1385,2015-05-06 21:12:08.287000000,,,,0000000000000008,,,,,,,.00000000000000,,,,,1D1C0001766227D2,0000000000000000,,,,,,,,,,,,,,,,,,,,,,,,,,,,,,,,,,,,,,,,,,,,,,,,,,,,,,,,,,
1386,2015-05-06 21:12:13.297000000,,,,0000000000000008,,,,,,,.00000000000000,,,,,1D1C00018EE338BE,0000000000000000,,,,,,,,,,,,,,,,,,,,,,,,,,,,,,,,,,,,,,,,,,,,,,,,,,,,,,,,,,
1387,2015-05-06 21:12:18.290000000,,,,0000000000000008,,,,,,,.00000000000000,,,,,030200016A000000,0000000000000000,,,,,,,,,,,,,,,,,,,,,,,,,,,,,,,,,,,,,,,,,,,,,,,,,,,,,,,,,,
1388,2015-05-06 21:12:23.293000000,,,,0000000000000008,,,,,,,.00000000000000,,,,,1D1C0001C1782BBB,0000000000000000,,,,,,,,,,,,,,,,,,,,,,,,,,,,,,,,,,,,,,,,,,,,,,,,,,,,,,,,,,
1389,2015-05-06 21:12:28.320000000,,,,0000000000000008,,,,,,,.00000000000000,,,,,1D1C0001277662D3,0000000000000000,,,,,,,,,,,,,,,,,,,,,,,,,,,,,,,,,,,,,,,,,,,,,,,,,,,,,,,,,,
1390,2015-05-06 21:12:33.327000000,,,,0000000000000008,,,,,,,.00000000000000,,,,,1D1C00016F659FD3,0000000000000000,,,,,,,,,,,,,,,,,,,,,,,,,,,,,,,,,,,,,,,,,,,,,,,,,,,,,,,,,,
1391,2015-05-06 21:12:38.333000000,,,,0000000000000008,,,,,,,.00000000000000,,,,,1D1C0001C1782BBB,0000000000000000,,,,,,,,,,,,,,,,,,,,,,,,,,,,,,,,,,,,,,,,,,,,,,,,,,,,,,,,,,
1392,2015-05-06 21:12:43.327000000,,,,0000000000000008,,,,,,,.00000000000000,,,,,1C1B00012FA7E03D,0000000000000000,,,,,,,,,,,,,,,,,,,,,,,,,,,,,,,,,,,,,,,,,,,,,,,,,,,,,,,,,,
1393,2015-05-06 21:12:48.350000000,,,,0000000000000008,,,,,,,.00000000000000,,,,,1D1C0001138CB7A2,0000000000000000,,,,,,,,,,,,,,,,,,,,,,,,,,,,,,,,,,,,,,,,,,,,,,,,,,,,,,,,,,
1394,2015-05-06 21:12:53.357000000,,,,0000000000000008,,,,,,,.00000000000000,,,,,1D1C000174D14517,0000000000000000,,,,,,,,,,,,,,,,,,,,,,,,,,,,,,,,,,,,,,,,,,,,,,,,,,,,,,,,,,
1395,2015-05-06 21:12:58.363000000,,,,0000000000000008,,,,,,,.00000000000000,,,,,1D1C000192919141,0000000000000000,,,,,,,,,,,,,,,,,,,,,,,,,,,,,,,,,,,,,,,,,,,,,,,,,,,,,,,,,,
1396,2015-05-06 21:13:03.373000000,,,,0000000000000008,,,,,,,.00072021487500,,,,,1D1C0001888787B7,0000000000000000,,,,,,,,,,,,,,,,,,,,,,,,,,,,,,,,,,,,,,,,,,,,,,,,,,,,,,,,,,
1397,2015-05-06 21:13:08.380000000,,,,0000000000000008,,,,,,,.00000000000000,,,,,1D1C0001277662D3,0000000000000000,,,,,,,,,,,,,,,,,,,,,,,,,,,,,,,,,,,,,,,,,,,,,,,,,,,,,,,,,,
1398,2015-05-06 21:13:13.387000000,,,,0000000000000008,,,,,,,.00000000000000,,,,,1D1C000183985CD1,0000000000000000,,,,,,,,,,,,,,,,,,,,,,,,,,,,,,,,,,,,,,,,,,,,,,,,,,,,,,,,,,
1399,2015-05-06 21:13:18.397000000,,,,0000000000000008,,,,,,,.65563071463415,,,,,1D1B000194D7504E,0000000000000000,,,,,,,,,,,,,,,,,,,,,,,,,,,,,,,,,,,,,,,,,,,,,,,,,,,,,,,,,,
1400,2015-05-06 21:13:23.403000000,,,,0000000000000008,,,,,,,.72399588461538,,,,,1D1B00014992244E,0000000000000000,,,,,,,,,,,,,,,,,,,,,,,,,,,,,,,,,,,,,,,,,,,,,,,,,,,,,,,,,,
1401,2015-05-06 21:13:28.410000000,,,,0000000000000008,,,,,,,.77903395256410,,,,,1D1B0001C65BD9AF,0000000000000000,,,,,,,,,,,,,,,,,,,,,,,,,,,,,,,,,,,,,,,,,,,,,,,,,,,,,,,,,,
1402,2015-05-06 21:13:33.420000000,,,,0000000000000008,,,,,,,.80000000000000,,,,,0000000000000050,0000000000000000,,,,,,,,,,,,,,,,,,,,,,,,,,,,,,,,,,,,,,,,,,,,,,,,,,,,,,,,,,
1403,2015-05-06 21:13:38.427000000,,,,0000000000000008,,,,,,,.20033228441558,,,,,1D1B0001F256F681,0000000000000000,,,,,,,,,,,,,,,,,,,,,,,,,,,,,,,,,,,,,,,,,,,,,,,,,,,,,,,,,,
1404,2015-05-06 21:13:43.433000000,,,,0000000000000008,,,,,,,.00000000000000,,,,,1D1C0001766227D2,0000000000000000,,,,,,,,,,,,,,,,,,,,,,,,,,,,,,,,,,,,,,,,,,,,,,,,,,,,,,,,,,
1405,2015-05-06 21:13:48.440000000,,,,0000000000000008,,,,,,,.00066266738095,,,,,1D1C0001888787B7,0000000000000000,,,,,,,,,,,,,,,,,,,,,,,,,,,,,,,,,,,,,,,,,,,,,,,,,,,,,,,,,,
1406,2015-05-06 21:13:53.457000000,,,,0000000000000008,,,,,,,.00070800775000,,,,,0302000184000000,0000000000000000,,,,,,,,,,,,,,,,,,,,,,,,,,,,,,,,,,,,,,,,,,,,,,,,,,,,,,,,,,
1407,2015-05-06 21:13:58.457000000,,,,0000000000000008,,,,,,,.00000000000000,,,,,030200017A000000,0000000000000000,,,,,,,,,,,,,,,,,,,,,,,,,,,,,,,,,,,,,,,,,,,,,,,,,,,,,,,,,,
1408,2015-05-06 21:14:03.463000000,,,,0000000000000008,,,,,,,.00077364038961,,,,,1D1C0001B497D006,0000000000000000,,,,,,,,,,,,,,,,,,,,,,,,,,,,,,,,,,,,,,,,,,,,,,,,,,,,,,,,,,
1409,2015-05-06 21:14:08.480000000,,,,0000000000000008,14.14285714285714,,,,,,.00000000000000,,,,,1D1C0001ABAAAA06,0000000000000000,,,,,,,,,,.00000000000000,-400.00000000000000,,,,,,.00000000000000,,,,,,,,,,,,,,,,,,,,,,,,,,,,,,,,,,,4027.00000000000000,.00000000000000,,,,,
1410,2015-05-06 21:14:13.487000000,,,,0000000000000008,7.20000000000000,,,,,,.00000000000000,,,,,1D1C000125499282,0000000000000000,,,,,,,,,,.00000000000000,-400.00000000000000,,,,,,.00000000000000,,,,,,,,,,,,,,,,,,,,,,,,,,,,,,,,,,,4027.00000000000000,.00000000000000,,,,,
1411,2015-05-06 21:14:18.497000000,,,,0000000000000008,7.48000000000000,,,,,,.00000000000000,,,,,1D1C0001175D74A1,0000000000000000,,,,,,,,,,.00000000000000,-400.00000000000000,,,,,,.00000000000000,,,,,,,,,,,,,,,,,,,,,,,,,,,,,,,,,,,4027.00000000000000,.00000000000000,,,,,
1412,2015-05-06 21:14:23.493000000,,,,0000000000000008,8.04000000000000,,,,,,.00000000000000,,,,,1D1C0001499224F5,0000000000000000,,,,,,,,,,.00000000000000,-400.00000000000000,,,,,,.00000000000000,,,,,,,,,,,,,,,,,,,,,,,,,,,,,,,,,,,4027.00000000000000,.00000000000000,,,,,
1413,2015-05-06 21:14:28.510000000,,,,0000000000000008,8.17647058823529,,,,,,.00000000000000,,,,,1D1C000125499282,0000000000000000,,,,,,,,,,.00000000000000,-400.00000000000000,,,,,,.00000000000000,,,,,,,,,,,,,,,,,,,,,,,,,,,,,,,,,,,4027.00000000000000,.00000000000000,,,,,
1414,2015-05-06 21:14:33.510000000,,,,0000000000000008,7.72000000000000,,,,,,.00000000000000,,,,,1D1C000125499282,0000000000000000,,,,,,,,,,.00000000000000,-400.00000000000000,,,,,,.00000000000000,,,,,,,,,,,,,,,,,,,,,,,,,,,,,,,,,,,4027.00000000000000,.00000000000000,,,,,
1415,2015-05-06 21:14:38.517000000,,,,0000000000000008,7.96000000000000,,,,,,.00000000000000,,,,,1D1C000125499282,0000000000000000,,,,,,,,,,.00000000000000,-400.00000000000000,,,,,,.00000000000000,,,,,,,,,,,,,,,,,,,,,,,,,,,,,,,,,,,4027.00000000000000,.00000000000000,,,,,
1416,2015-05-06 21:14:43.530000000,,,,0000000000000008,8.23529411764706,,,,,,.00000000000000,,,,,0000000000000001,0000000000000000,,,,,,,,,,.00000000000000,-400.00000000000000,,,,,,.00000000000000,,,,,,,,,,,,,,,,,,,,,,,,,,,,,,,,,,,4027.00000000000000,.00000000000000,,,,,
1417,2015-05-06 21:14:48.533000000,,,,0000000000000008,7.02000000000000,,,,,,.00000000000000,,,,,1D1C00010DE53554,0000000000000000,,,,,,,,,,.00000000000000,-400.00000000000000,,,,,,.00000000000000,,,,,,,,,,,,,,,,,,,,,,,,,,,,,,,,,,,4027.00000000000000,.00000000000000,,,,,
1418,2015-05-06 21:14:53.540000000,,,,0000000000000008,7.34000000000000,,,,,,.00000000000000,,,,,1D1C00018C2EBAD8,0000000000000000,,,,,,,,,,.00000000000000,-400.00000000000000,,,,,,.00000000000000,,,,,,,,,,,,,,,,,,,,,,,,,,,,,,,,,,,4027.00000000000000,.00000000000000,,,,,
1419,2015-05-06 21:14:58.547000000,,,,0000000000000008,7.06000000000000,,,,,,.00000000000000,,,,,1D1C000125499282,0000000000000000,,,,,,,,,,.00000000000000,-400.00000000000000,,,,,,.00000000000000,,,,,,,,,,,,,,,,,,,,,,,,,,,,,,,,,,,4027.00000000000000,.00000000000000,,,,,
1420,2015-05-06 21:15:03.563000000,,,,0000000000000008,7.62745098039216,,,,,,.00000000000000,,,,,1D1C000109EE23E8,0000000000000000,,,,,,,,,,.00000000000000,-400.00000000000000,,,,,,.00000000000000,,,,,,,,,,,,,,,,,,,,,,,,,,,,,,,,,,,4027.00000000000000,.00000000000000,,,,,
1421,2015-05-06 21:15:08.563000000,,,,0000000000000008,7.42000000000000,,,,,,.00000000000000,,,,,1D1C0001175D74A1,0000000000000000,,,,,,,,,,.00000000000000,-400.00000000000000,,,,,,.00000000000000,,,,,,,,,,,,,,,,,,,,,,,,,,,,,,,,,,,4027.00000000000000,.00000000000000,,,,,
1422,2015-05-06 21:15:13.570000000,,,,0000000000000008,7.60000000000000,,,,,,.00000000000000,,,,,1D1C0001499224F5,0000000000000000,,,,,,,,,,.00000000000000,-400.00000000000000,,,,,,.00000000000000,,,,,,,,,,,,,,,,,,,,,,,,,,,,,,,,,,,4027.00000000000000,.00000000000000,,,,,
1423,2015-05-06 21:15:18.577000000,,,,0000000000000008,8.06000000000000,,,,,,.00000000000000,,,,,1D1C000146175DF4,0000000000000000,,,,,,,,,,.00000000000000,-400.00000000000000,,,,,,.00000000000000,,,,,,,,,,,,,,,,,,,,,,,,,,,,,,,,,,,4027.00000000000000,.00000000000000,,,,,
1424,2015-05-06 21:15:23.587000000,,,,0000000000000008,7.56862745098039,,,,,,.00000000000000,,,,,1D1C000125499282,0000000000000000,,,,,,,,,,.00000000000000,-400.00000000000000,,,,,,.00000000000000,,,,,,,,,,,,,,,,,,,,,,,,,,,,,,,,,,,4027.00000000000000,.00000000000000,,,,,
1425,2015-05-06 21:15:28.593000000,,,,0000000000000008,8.12000000000000,,,,,,.00000000000000,,,,,1D1C000125499282,0000000000000000,,,,,,,,,,.00000000000000,-400.00000000000000,,,,,,.00000000000000,,,,,,,,,,,,,,,,,,,,,,,,,,,,,,,,,,,4027.00000000000000,.00000000000000,,,,,
1426,2015-05-06 21:15:33.600000000,,,,0000000000000008,7.34000000000000,,,,,,.00000000000000,,,,,1D1C000125499282,0000000000000000,,,,,,,,,,.00000000000000,-400.00000000000000,,,,,,.00000000000000,,,,,,,,,,,,,,,,,,,,,,,,,,,,,,,,,,,4027.00000000000000,.00000000000000,,,,,
